Date,NAV,Cash,SharesValue,OptionMTM,BlockA_Value,CumPremium,CumDividends,CumCosts,Delta,Gamma,Vega,DailyReturn,SPY_NAV,SPY_Return,ExcessReturn
2025-01-02,5.99714140061451e8,3.0214251071740395e8,0.0,-2.4254436472687996e6,2.9999707299131584e8,2.0693868287198555e6,70196.88,75591.07255081928,4.700588399752993e6,-368058.6391074158,-1.8009958545698505e7,0.0,6.0e8,0.0,0.0
2025-01-03,6.036842018727516e8,3.0212632795489436e8,0.0,-1.6427981106423412e6,3.032006720284996e8,2.0693868287198555e6,70196.88,75591.07255081928,4.549402142305172e6,-348915.4526170522,-1.5418815947008973e7,0.006598108167526817,6.07502057287604e8,0.012425906474472725,-0.005827798306945908
2025-01-06,6.020891956984329e8,3.0336565106572354e8,0.0,-3.4712553711511125e6,3.021948000038605e8,3.375425235950704e6,70196.88,139813.67779072723,5.144833131196209e6,-585364.6365908193,-2.1034879985004745e7,-0.002645616676989704,6.11001585096397e8,0.0057439917433974585,-0.008389608420387162
2025-01-07,5.98796590156626e8,3.033845727545719e8,0.0,-4.289259976712884e6,2.99701277378767e8,3.4127130333950617e6,70196.88,141932.93507422795,5.279822803292937e6,-672164.7963362529,-2.0995408864334527e7,-0.005483641877351175,6.040947390579815e8,-0.011368515054307693,0.005884873176956518
2025-01-08,5.987918002539228e8,3.032365769421868e8,0.0,-4.1700432773924624e6,2.997252665891285e8,3.2324129855780024e6,132822.93637,156096.75278582706,5.069523078298547e6,-633055.5079665706,-1.9993973911877576e7,-7.999247053191993e-6,6.049773526724881e8,0.0014599853512820005,-0.0014679845983351925
2025-01-10,5.91240085860789e8,3.0205465210295e8,0.0,-5.1144952493994525e6,2.942999290072384e8,1.8407422205518219e6,429610.63037,226980.64702127516,5.486213246853577e6,-682986.0236724322,-2.123547896723322e7,-0.012691787255580067,5.957409314308233e8,-0.01538512997320396,0.002693342717623892
2025-01-13,5.934455848254126e8,3.0151026341376936e8,0.0,-3.809553309115164e6,2.9574487472075844e8,1.4102044018834992e6,429610.63037,324877.4199786437,5.206880305957785e6,-594268.6169008779,-1.98062542733575e7,0.0037233530668316916,5.966646115795585e8,0.001549272122900902,0.0021740809439307895
2025-01-14,5.934090704223876e8,3.0144584809121877e8,0.0,-3.833089023977531e6,2.957963113551464e8,1.3812451960789617e6,429610.63037,344319.92570569296,5.042185509437017e6,-602155.875117151,-1.7865231926217936e7,-6.15313810747864e-5,5.974856253927225e8,0.0013750597154498223,-0.0014365910965246087
2025-01-15,5.99265759538808e8,3.0142983546550894e8,0.0,-2.290868455498098e6,3.0012679252879715e8,1.3812451960789617e6,429610.63037,344319.92570569296,4.897616972908015e6,-527947.3868203675,-1.5771731861812351e7,0.009821178488994775,6.083538710014393e8,0.01802651173278136,-0.008205333243786583
2025-01-16,5.992603464867818e8,3.0122437953004813e8,0.0,-2.500911788171825e6,3.005368787449055e8,1.2502622586606923e6,429610.63037,402622.26039549796,4.8425439193709055e6,-491761.3539166679,-1.519395603134592e7,-9.032847927414878e-6,6.071838550216143e8,-0.0019251008275915638,0.0019160679796641489
2025-01-17,6.028090350593438e8,3.0141746044866014e8,0.0,-1.8830881099622087e6,3.032746627206459e8,1.4803249091987284e6,429610.63037,423433.4750353385,4.6766625640427265e6,-412282.13364768634,-1.3990229004558316e7,0.00590431623374954,6.132799538804231e8,0.009989889929411078,-0.004085573695661537
2025-01-21,6.039547310007002e8,3.026147202448103e8,0.0,-2.8196310340805645e6,3.041596417899704e8,2.774095571629962e6,429610.63037,512788.36576703604,4.989877347774943e6,-567900.8446914912,-1.8839294432957195e7,0.0018987913257006994,6.188936477106093e8,0.009111918423815979,-0.0072131270981152795
2025-01-22,6.040702509732633e8,3.025984230536563e8,0.0,-3.0725600190450815e6,3.0454438793865204e8,2.774095571629962e6,429610.63037,512788.36576703604,5.28921645022053e6,-679751.2128409407,-1.8557430081598055e7,0.00019125427807864526,6.223727690008506e8,0.00560577544717944,-0.005414521169100794
2025-01-23,6.057783684551582e8,3.0258212274529666e8,0.0,-2.6871685391485714e6,3.058834142490101e8,2.774095571629962e6,429610.63037,512788.36576703604,5.215245092708857e6,-665027.6032504705,-1.6343567773522787e7,0.0028236898226730034,6.257697572226348e8,0.005443283179523917,-0.0026195933568509133
2025-01-24,6.064615356685482e8,2.784237916161189e8,2.3864504263305664e7,-2.2256837964915154e6,3.0639892358561516e8,2.9663975220224718e6,474764.51037000003,539080.9249185416,5.132272485735e6,-378416.8045572981,-1.5407954687958863e7,0.0011271156532473015,6.239428668179973e8,-0.002923698890210602,0.0040508145434579035
2025-01-27,6.061586258084477e8,2.7785549482894194e8,2.3986022958374023e7,-2.9535167508180523e6,3.0727062477194977e8,2.4130679697281844e6,574036.0603700001,643462.1396070364,5.049118858227378e6,-260194.12964815873,-1.8829838016411237e7,-0.00049959562940316,6.15116920795774e8,-0.014246439739039829,0.013746844109636669
2025-01-28,6.057248643942798e8,2.7823349961071634e8,2.4237061584472656e7,-3.6767245842648786e6,3.069310277833557e8,2.8194540930734486e6,574036.0603700001,661152.9198466189,5.4271960396969635e6,-428088.90837261535,-2.2165922708895765e7,-0.0007158467562220494,6.204023358492571e8,0.008555831513010759,-0.009271678269232808
2025-01-29,6.049670450820856e8,2.778545978098611e8,2.435936401977539e7,-3.4485896167164356e6,3.062016728691654e8,2.482963066412885e6,574036.0603700001,687218.7373831976,5.4343932030078275e6,-506412.45417165954,-2.32423520393954e7,-0.0012518782115158444,6.176210921437756e8,-0.004493046450409821,0.0032411682388939766
2025-01-30,6.063698275049087e8,2.7702578923447394e8,2.42652172454834e7,-2.875757021626161e6,3.0795457804657745e8,1.7190589543495271e6,574036.0603700001,739108.5931413529,5.265267552339031e6,-387967.0439828268,-2.2933617276660997e7,0.0023160907285912913,6.209358839228215e8,0.005352680187488801,-0.0030365894588975095
2025-01-31,6.043044707920247e8,2.6567721608701172e8,3.537122985839844e7,-3.3611773122560633e6,3.066172021588707e8,2.0224967894148768e6,638988.33737,767167.492244227,5.448248013440186e6,-493377.465747535,-2.429522243801573e7,-0.003411914698091323,6.176313587773327e8,-0.005336057458183774,0.001924142760092451
2025-02-03,6.023600040629832e8,2.6549009305768594e8,3.468593662567139e7,-3.211573903548772e6,3.053955482831745e8,1.8946922640118522e6,638988.33737,810179.3675900521,5.309255950325301e6,-370181.3731646094,-2.1714218524627592e7,-0.0032228816753168132,6.134749565437273e8,-0.006752329955755698,0.003529448280438885
2025-02-04,6.048510528070114e8,2.6500252423286706e8,3.568184376525879e7,-2.7538310955791376e6,3.069205159044647e8,1.449801942816887e6,638988.33737,836603.7123742125,5.305516158977893e6,-379211.51204476,-1.905057934681642e7,0.004126954049048948,6.175903556173854e8,0.00668593999598599,-0.0025589859469370424
2025-02-05,6.029472279780041e8,2.648104494766658e8,3.482053032989502e7,-2.80341477808252e6,3.0611966294952583e8,1.2936827915648122e6,638988.33737,856237.9397079906,5.193272362206559e6,-309655.1431449282,-1.6058640404139744e7,-0.0031525569063610703,6.200943368425434e8,0.004046239978062971,-0.007198796884424041
2025-02-06,6.034456273381658e8,2.6491034726320672e8,3.441482498474121e7,-2.757111976749168e6,3.06877567066967e8,1.4212345475264525e6,638988.33737,867621.9045641694,5.216748262277296e6,-325150.59395158105,-1.5208588098811151e7,0.0008262638266138822,6.222496327724463e8,0.0034697284245268634,-0.002643464597912981
2025-02-07,6.003688512251976e8,2.607711448380839e8,3.67847174143219e7,-2.330551187999589e6,3.051435401607914e8,285599.1324429251,692077.87737,908014.857963595,5.2122853392133275e6,-286115.88117807155,-1.4539090419155296e7,-0.005111722557519016,6.165537424995217e8,-0.009195858722083727,0.004084136164564711
2025-02-10,6.033214001623935e8,2.6138026454394072e8,3.758747568496704e7,-2.796142955315966e6,3.071498028888016e8,910366.9657084545,773198.5373699999,998953.2160536428,5.338573497830764e6,-292942.5773459638,-1.8138003800010625e7,0.004905838284283703,6.207409446337986e8,0.006768344134375326,-0.0018625058500916225
2025-02-11,6.058711440168811e8,2.6147618376998413e8,3.828034630783081e7,-2.796559588420652e6,3.089111735274868e8,1.0378713846255031e6,773198.5373699999,1.0142583076531052e6,5.229613432533231e6,-300380.179943544,-1.7678718161395073e7,0.004217273164272228,6.212130196545827e8,0.0007602134331783361,0.003457059731093892
2025-02-12,6.057600937095014e8,2.6117591980405232e8,3.803379707294464e7,-2.450382525432464e6,3.0900075935793686e8,763066.0214958072,773198.5373699999,1.023368006569064e6,5.200622933249635e6,-283186.66075833456,-1.6406884113545984e7,-0.00018330710571490272,6.192117866023178e8,-0.0032266926273933905,0.0030433855216784877
2025-02-13,6.101229895178475e8,2.6137635395746332e8,3.838438396003723e7,-1.9797740741199995e6,3.123420256744671e8,1.0334916713276607e6,773198.5373699999,1.0770135956993476e6,5.173568317992344e6,-307354.9168054416,-1.5658912666102573e7,0.007176536286394253,6.257492239555205e8,0.010502332823357108,-0.003325796536962855
2025-02-14,6.097885703119181e8,2.6158827832798627e8,3.885250667346954e7,-2.4618236957270144e6,3.1180960900618935e8,1.201982096820783e6,846120.7273699999,1.0900382044444866e6,5.329273161889466e6,-353453.08402573474,-1.6985478723836932e7,-0.0005482679651827027,6.25718360680568e8,-4.9323331005268756e-5,-0.000498944634177434
2025-02-18,6.083713742068309e8,2.6167569727457762e8,3.907134814250946e7,-3.9282415510021616e6,3.115525703407459e8,1.2353555004380175e6,976140.4473699998,1.1600450692556319e6,5.510540016362847e6,-548420.3046843241,-1.768979639207593e7,-0.002326782703448771,6.275553275959188e8,0.0029314717894983744,-0.005258254492947145
2025-02-19,6.132196881808342e8,2.6198480830494338e8,4.0341620710697174e7,-3.560100430612448e6,3.144533595958061e8,1.507443243255805e6,1.04781159737e6,1.1782765612925715e6,5.427344829795548e6,-364409.4615729167,-1.7665223830554273e7,0.007937745420797171,6.290332792081764e8,0.0023523248353001236,0.005585420585497047
2025-02-20,6.148595311444533e8,2.620611983689572e8,4.077791185558319e7,-3.4328382270273115e6,3.1545325914694023e8,1.614554665852454e6,1.0718359473699997e6,1.2164750719403485e6,5.353644096592228e6,-401879.3208156651,-1.926607323090814e7,0.0026705833181281946,6.264163016396089e8,-0.004168994755119115,0.00683957807324731
2025-02-21,6.123492194208854e8,2.622519109206693e8,3.9956396608371735e7,-4.35505352818045e6,3.144959654200249e8,1.896076750071598e6,1.0718359473699997e6,1.2906931567816867e6,5.404292221026122e6,-469727.5147586767,-2.1709120905024465e7,-0.00409109733561408,6.157019287856865e8,-0.01725220408333783,0.01316110674772375
2025-02-24,6.114572459755887e8,2.6199128696806616e8,3.968031669527054e7,-4.166910086536573e6,3.1395255239878845e8,1.6958081021451773e6,1.1517679473699997e6,1.4144567523630464e6,5.510342591218339e6,-530738.7760993388,-1.7940833960934438e7,-0.0014577036949283695,6.12900278561653e8,-0.004560719594202567,0.0031030158992741974
2025-02-25,6.081404186604725e8,2.580576520630254e8,4.162167797683716e7,-3.9816701139786164e6,3.124427587345886e8,824202.4810169963,1.1517679473699997e6,1.460012702724253e6,5.407210056231071e6,-406302.062438261,-1.5566217482903311e7,-0.005439228999382095,6.098522291322486e8,-0.004985564492749006,-0.0004536645066330891
2025-02-26,6.045386291847231e8,2.5768707366774312e8,4.120425897241211e7,-4.1056116126280883e6,3.0975290815719604e8,485352.91733328375,1.1517679473699997e6,1.475331396041514e6,5.681119534784203e6,-555100.1969569438,-1.690103162776827e7,-0.005940236327703019,6.101601013904e8,0.0005047035296001923,-0.006444939857303211
2025-02-27,5.999537577450814e8,2.5418114019246873e8,4.357179521724701e7,-4.723753720924068e6,3.069245760562897e8,28479.541478229905,1.1517679473699997e6,1.5081505139231626e6,5.587594844452943e6,-443579.4673528957,-1.5738372259883499e7,-0.007612988896209316,6.004207418529985e8,-0.016090738139723726,0.00847774924351441
2025-02-28,6.059257453506227e8,2.5431545522740394e8,4.400345379652023e7,-3.4024884377553924e6,3.110093247644539e8,201704.5252175213,1.1517679473699997e6,1.5308712343436633e6,5.455468060999466e6,-458052.0088895473,-1.4462674184831707e7,0.009904864315686268,6.097906293309059e8,0.01548502175874944,-0.005580157443063172
2025-03-03,6.031878853667029e8,2.5510784308241892e8,4.274379910190201e7,-4.820596550448065e6,3.1015683973283005e8,1.1581663917139817e6,1.1517679473699997e6,1.6842609685695989e6,5.57976927849695e6,-560362.051087916,-1.998905258778698e7,-0.004528713585969513,5.991071197519362e8,-0.017675254546567487,0.013146540960597974
2025-03-04,5.972612193239951e8,2.5385996790279308e8,4.2967727539489746e7,-5.569907725349078e6,3.060034316070614e8,-12632.413078621466,1.1517679473699997e6,1.745060844908747e6,5.968312090393581e6,-425365.3171601183,-2.086087235150057e7,-0.009874161550328608,5.920155376837735e8,-0.011907532471571614,0.002033370921243005
2025-03-05,5.98859861087609e8,2.5384300135486147e8,4.283875747280121e7,-4.94478590123991e6,3.071228881611862e8,-12632.413078621466,1.1517679473699997e6,1.7459108202554295e6,5.9902573293766845e6,-383091.9347197325,-1.98132111045528e7,0.0026730449645526733,5.983784422665051e8,0.010690519760132133,-0.00801747479557946
2025-03-06,5.942540520733798e8,2.5337737825092968e8,4.246634041008377e7,-5.624260416529243e6,3.0403459382889557e8,-414723.8875792681,1.1517679473699997e6,1.7932827391493767e6,5.910205687745869e6,-464452.3871949544,-1.9392380450074974e7,-0.007720690945600239,5.87756532488878e8,-0.01791059862828348,0.010189907682683241
2025-03-07,5.997414343108006e8,2.4108600754728517e8,5.453966253498459e7,-3.8693507716504796e6,3.079851150001812e8,-1.311309581872641e6,1.3334495323699997e6,1.874055906698624e6,5.665213021744323e6,-410383.2962678945,-1.698154815359641e7,0.009191694498728253,5.910508543750911e8,0.005589259957289983,0.003602434541438271
2025-03-10,5.925830128843757e8,2.401551542314525e8,5.278464673206711e7,-4.5742688436339935e6,3.042174807644901e8,-2.1007641584620215e6,1.3460971323699998e6,2.0119187469208415e6,5.691352911412472e6,-491287.27192387276,-1.9222905165227655e7,-0.012007650188966323,5.753079224294573e8,-0.0269966469884082,0.014988996799441878
2025-03-11,5.87537610927053e8,2.3940998185835e8,5.257691574081802e7,-5.059919141076801e6,3.006106324689617e8,-2.7918680772716003e6,1.3460971323699998e6,2.0499968659454396e6,5.838624313624625e6,-481148.89078239666,-2.036364778967289e7,-0.008550706760853899,5.705253822974297e8,-0.008347755096455245,-0.00020295166439865397
2025-03-12,5.862999593237736e8,2.3887818149674693e8,5.325922365581894e7,-5.517202951894392e6,2.996797571231022e8,-3.402185348586899e6,1.4940078873700001e6,2.1035365217320337e6,5.9282676755318325e6,-448024.94001724926,-2.1141349306897704e7,-0.002108727976121827,5.735528984597198e8,0.005292510626421887,-0.007401238602543714
2025-03-13,5.816566510599152e8,2.3870063398208433e8,5.191481558201599e7,-5.979020740545669e6,2.9702022223636055e8,-3.5345542524720486e6,1.4940078873700001e6,2.132894339956287e6,5.894865992025199e6,-453536.85264637315,-2.115950123632372e7,-0.007951207580326525,5.659072350508784e8,-0.013420001156742245,0.00546879357641572
2025-03-14,5.890813218446269e8,2.391568425199264e8,5.328900630414963e7,-4.826524067727004e6,3.014619970882778e8,-3.378422609976154e6,1.8516167873699998e6,2.1747308476767414e6,5.727909407709913e6,-411086.41698067443,-2.033281270396295e7,0.012683914757047887,5.775964944727592e8,0.020445349333094498,-0.007761434576046611
2025-03-17,5.930053749691341e8,2.3912225696796528e8,5.414519452823639e7,-4.060677256807726e6,3.0379860072974014e8,-3.278711918961288e6,1.8516167873699998e6,2.2931312454600637e6,5.651751462803006e6,-513621.46897410386,-1.7908284694510486e7,0.006639221216488522,5.820504389566777e8,0.007681590416183326,-0.0010423691996948037
2025-03-18,5.888550889544643e8,2.3874394508095917e8,5.387889315236664e7,-4.648422844979815e6,3.0088067356611824e8,-3.6230576439464414e6,1.8516167873699998e6,2.311095675140587e6,5.709919429630274e6,-414881.6842118459,-1.755650093170119e7,-0.007023338543827862,5.757594641831272e8,-0.010867132276544567,0.003843793732716705
2025-03-19,5.924459613994882e8,2.3872696671898186e8,5.486652267933655e7,-3.977667995839436e6,3.028301399970093e8,-3.6230576439464414e6,1.8516167873699998e6,2.3121842966223196e6,5.66584228364774e6,-465188.77800460637,-1.6554658758603144e7,0.0060795400191508975,5.820299056895634e8,0.010831854183908973,-0.004752314164758076
2025-03-20,5.91867310949679e8,2.386450594022877e8,5.496273017830658e7,-3.9972364237581976e6,3.0225675779284286e8,-3.7345472737352545e6,1.9347160373699998e6,2.349714596474049e6,5.712680297506243e6,-510310.403079092,-1.5607578423981776e7,-0.0009771916086158683,5.803468749032882e8,-0.002895845805806374,0.0019186541971905058
2025-03-21,5.924641084618504e8,2.3131405797663975e8,6.24610318920784e7,-3.765556517629346e6,3.0245457511076164e8,-3.626365146145039e6,1.9347160373699998e6,2.3557384268909493e6,5.758778424820481e6,-453604.56541990454,-1.5400443442727765e7,0.0010078218865174904,5.805383286068442e8,0.0003298408916130313,0.0006779809949044591
2025-03-24,5.988027739820881e8,2.32305509731897e8,6.412955757002258e7,-4.1225164520623074e6,3.0649022313223076e8,-2.485958028689877e6,1.9347160373699998e6,2.4887066623526514e6,5.715616290510781e6,-504582.0417098699,-1.9298397820691966e7,0.01064199036459712,5.909348794404643e8,0.01774999841964231,-0.00710800805504519
2025-03-25,5.997611233238457e8,2.324379572143659e8,6.4372262952243805e7,-3.969194193866887e6,3.069200973511028e8,-2.485958028689877e6,2.0845989173699997e6,2.4899838897921797e6,5.777379811387125e6,-409749.17994674225,-1.820855005451221e7,0.001599163045284513,5.923554139539393e8,0.0024009918847873735,-0.0008018288395028605
2025-03-26,5.993561897790558e8,2.324425629800967e8,6.377151856400299e7,-3.768071814577703e6,3.0691018004953384e8,-2.460236428782247e6,2.0845989173699997e6,2.4949156936570634e6,5.527089024662048e6,-374210.7158304533,-1.670842590029347e7,-0.0006753860623298635,5.852836680357976e8,-0.012010183818009779,0.011334797755679915
2025-03-27,5.991217467089381e8,2.327022308707434e8,6.316800081364441e7,-4.0836102202598173e6,3.073351252448101e8,-2.104416818436864e6,2.0845989173699997e6,2.5748943098220495e6,5.593361649206299e6,-536918.7680904544,-1.7973653409313977e7,-0.0003912346918859555,5.837293504146738e8,-0.002659197994404394,0.0022679633025184387
2025-03-28,5.928312032479198e8,2.3221766116162455e8,6.191015298252487e7,-4.860400915451881e6,3.0356379001922226e8,-2.538836237394365e6,2.0845989173699997e6,2.608877822691295e6,5.702569875450713e6,-489393.9102843746,-1.711158570542682e7,-0.010555117739940556,5.71974054991765e8,-0.020343802390389243,0.009788684650448687
2025-03-31,5.966001132268685e8,2.323930893603466e8,6.2338491842731476e7,-4.325621931278056e6,3.061941539550686e8,-2.304460146018579e6,2.1432694873699998e6,2.7104992528764843e6,5.559705733646009e6,-330767.5087843794,-1.865010162868796e7,0.0063373522130483195,5.758135858192863e8,0.006690340639071479,-0.0003529884260231597
2025-04-01,5.971884073106109e8,2.3249373448139828e8,6.267510001243591e7,-4.463797330110148e6,3.064833701468868e8,-2.179024062030344e6,2.1432694873699998e6,2.7191914825990116e6,5.589912765539758e6,-426552.5014677919,-1.8708067571450323e7,0.0009855918719985368,5.774398966238725e8,0.002820389285439262,-0.0018347974134407252
2025-04-02,5.97817046424609e8,2.326673920905408e8,6.284892911595917e7,-4.363889115253576e6,3.066646143333626e8,-2.045754201721057e6,2.2099359066599994e6,2.729355545239473e6,5.667426180314028e6,-363860.9958422072,-1.9070452220312987e7,0.0010521109673966578,5.81094184427397e8,0.0063084892925253655,-0.005256378325128708
2025-04-03,5.839174684532763e8,2.2781079008139694e8,6.1090590612594604e7,-5.304245931442538e6,3.0032033369072723e8,-3.793357299146612e6,2.2801327866599998e6,2.892508068262481e6,5.7612586696812445e6,-435214.58038381475,-2.195191574721033e7,-0.02352511300712834,5.524574380967942e8,-0.0505364558564807,0.02701134284935236
2025-04-04,5.562288600259541e8,2.0105597923510534e8,7.990947456978607e7,-8.96692316018378e6,2.8423032938124657e8,-5.747268923094462e6,2.2801327866599998e6,2.984294658621205e6,6.331823204378517e6,-333722.34777778696,-2.322185815582454e7,-0.048579823389264476,5.2011491235917836e8,-0.060326622837695965,0.011746799448431489
2025-04-07,5.509426978096253e8,1.9214744607592866e8,8.452746787550926e7,-7.016375883696863e6,2.8128415974188423e8,-8.479536120611243e6,2.2801327866599998e6,3.145666350004073e6,6.384128921377832e6,-300342.49526877503,-1.9983763466248788e7,-0.009549021281401338,5.1918847542921025e8,-0.0017828041094354319,-0.007766217171965906
2025-04-08,5.410137855240675e8,1.9127891348956954e8,8.120312828888321e7,-7.450224091314597e6,2.759819678369293e8,-9.308167895204669e6,2.2801327866599998e6,3.17070045405108e6,6.615082866650232e6,-299715.5038172878,-1.8674388732844085e7,-0.01818604694710757,5.1105657284773284e8,-0.01578667420885793,-0.002399372738249639
2025-04-09,5.742373783968408e8,1.9123330778511e8,9.289557446960258e7,-4.754831361770373e6,2.948633275038986e8,-9.319506272294784e6,2.2801327866599998e6,3.1903689967317483e6,6.162318325543045e6,-277797.6388354276,-1.5830521739524482e7,0.059598101962809125,5.647273960574648e8,0.09986283570949084,-0.04026473374668171
2025-04-10,5.618340111444712e8,1.914423392608036e8,8.756798531879044e7,-5.313362986840582e6,2.8813704955171776e8,-9.334311335357757e6,2.57692048066e6,3.247824857637473e6,6.249880110121491e6,-302174.29625984444,-1.6572761456122555e7,-0.021836409612145502,5.399816404707315e8,-0.04480799000706526,0.022971580394919755
2025-04-11,5.700180639105936e8,1.9143038732711372e8,8.994511894845772e7,-4.1166405042562005e6,2.927591981392784e8,-9.314621972242499e6,2.57692048066e6,3.2643055541418022e6,6.065649858364986e6,-399601.0608626766,-1.5167267872777004e7,0.014461598964967237,5.49616369069844e8,0.017685384218530942,-0.0032237852535637046
2025-04-14,5.753310676231478e8,1.9242326224931106e8,9.112875548606682e7,-4.311287326949879e6,2.960903372147198e8,-8.181079712698438e6,2.57692048066e6,3.3895914516686583e6,6.02025197465966e6,-302389.4095218714,-1.7741744389179196e7,0.009277593487254876,5.549484275943028e8,0.009654662104701117,-0.0003770686174462412
2025-04-15,5.749575123260703e8,1.9240591905365345e8,9.164680917624855e7,-4.432259324901779e6,2.953370434210701e8,-8.181079712698438e6,2.57692048066e6,3.3914098407396157e6,6.077998558288064e6,-396170.0714798882,-1.737751303557052e7,-0.0006494984245186686,5.533940465988977e8,-0.0028048767428252575,0.002155378318306589
2025-04-16,5.65807262662011e8,1.9238863600421607e8,8.912347488216019e7,-5.5269263544959575e6,2.8982207813013077e8,-8.181079712698438e6,2.57692048066e6,3.393178163653944e6,6.285298120453551e6,-229897.49934365402,-1.7193465702516813e7,-0.016042651581269496,5.410932887375557e8,-0.02247860785911371,0.0064359562778442125
2025-04-17,5.697544073121912e8,1.9245073600839478e8,9.003082273160172e7,-4.992000814319852e6,2.9226484938651466e8,-8.066146970032437e6,2.57692048066e6,3.430743087117117e6,6.155826390486457e6,-282384.8799186852,-1.632109291170016e7,0.006951908736169798,5.418652508570579e8,0.0014256543016699652,0.005526254434499833
2025-04-21,5.628216604650891e8,1.9205758331342798e8,8.844681042273903e7,-4.968103836311123e6,2.8728537056523323e8,-8.484107103296965e6,2.6716699606599994e6,3.485310803542665e6,6.292897131218618e6,-434098.2213693209,-1.483342879940852e7,-0.01224259214856005,5.289673805180911e8,-0.024090588454626527,0.011847996306066477
2025-04-22,5.735299063793037e8,1.9207049003350884e8,9.136515444046974e7,-3.5640856955048903e6,2.936583476008301e8,-8.40760204942824e6,2.6716699606599994e6,3.53372188617513e6,6.0303451275191745e6,-340389.56283861207,-1.4676246041149681e7,0.01884727087350413,5.427299929242615e8,0.02568517824357386,-0.006837907370069729
2025-04-23,5.773231017003921e8,1.9217664708334416e8,9.2924513437706e7,-3.3166286951793935e6,2.9553856987452126e8,-8.279500017803356e6,2.6716699606599994e6,3.5401906641417695e6,6.08182944378995e6,-369489.6505443634,-1.4349366267302925e7,0.006591995729028355,5.511397600417341e8,0.015376479314358704,-0.00878448358533035
2025-04-24,5.804912355482485e8,1.9204040181607467e8,9.525482753948593e7,-3.761103944637295e6,2.969571101373253e8,-8.342021904209725e6,2.6716699606599994e6,3.5983354851178494e6,6.182684086557427e6,-384417.7266547492,-1.5787802788619615e7,0.00547262484659683,5.627407390898799e8,0.020830598146897472,-0.015357973300300642
2025-04-25,5.821276547606088e8,1.9213357880278802e8,9.603805244372559e7,-4.1439389083100976e6,2.9809996242240524e8,-8.195822721034153e6,2.6716699606599994e6,3.6356936323669e6,6.35815346469964e6,-493775.4779099392,-1.6346938789185314e7,0.0028150588411364197,5.668066428499076e8,0.007199204541297632,-0.004384145700161213
2025-04-28,5.832682488856243e8,1.923518032476404e8,9.63123199310646e7,-3.9232883936876035e6,2.985274141006069e8,-7.952038558324215e6,2.770941510659999e6,3.7448166936675627e6,6.282868388828924e6,-508342.9004501544,-1.445869849615982e7,0.0019574369287482796,5.670228125231382e8,0.0003813089787456647,0.0015761279500026149
2025-04-29,5.860945388256007e8,1.9233414975272512e8,9.649132524448395e7,-3.1967458049205253e6,3.004658096333122e8,-7.952038558324215e6,2.770941510659999e6,3.7467312040890795e6,6.132450176332882e6,-470052.099272378,-1.3247220316511376e7,0.0048339069330545215,5.705946503867996e8,0.006279526672724245,-0.0014456197396697235
2025-04-30,5.875355743469791e8,1.923996024605672e8,9.644082555555344e7,-2.674770362527596e6,3.013699166933861e8,-7.921390174137517e6,2.835893787659999e6,3.7610639079733198e6,5.924488096062924e6,-527765.3554955117,-1.1627095454842642e7,0.0024556906462684935,5.708212134421498e8,0.0003969859987122959,0.0020587046475561976
2025-05-01,5.892588002290784e8,1.924261158214223e8,9.787087613286018e7,-3.0377738615070917e6,3.0199958213630295e8,-7.808065537387049e6,2.835893787659999e6,3.8320210493228445e6,6.192193570572432e6,-493614.1985973855,-1.1606254997743743e7,0.0029286800668444357,5.748665205607821e8,0.007061826377249503,-0.004133146310405067
2025-05-02,5.933297597357515e8,1.8591565254362714e8,1.049751761635437e8,-2.4089538827657574e6,3.0484788491134644e8,-7.6852891072872225e6,2.835893787659999e6,3.852824122925962e6,6.176719994537663e6,-373712.5988141299,-1.01814596490147e7,0.006884855350691055,5.833999309009087e8,0.014735063297607098,-0.007850207946916044
2025-05-05,5.905737207949511e8,1.871027952154116e8,1.038714814616394e8,-3.721412463120327e6,3.0332085658102036e8,-6.329023707219781e6,2.835893787659999e6,4.005936365628826e6,6.19588948715319e6,-382581.9924447435,-1.555425866525116e7,-0.004655859138321006,5.80054529344035e8,-0.005750823759932189,0.001094964621611183
2025-05-06,5.897460081543483e8,1.8730048059917128e8,1.0329553547705078e8,-3.8731303346202215e6,3.030231224127464e8,-6.109503398885939e6,2.835893787659999e6,4.0224881738414317e6,6.14718920124195e6,-291591.9905900952,-1.4915114519950945e7,-0.0014025229875969103,5.752062067081043e8,-0.008393518361273777,0.006990995373676867
2025-05-07,5.911105901339599e8,1.8734799692035106e8,1.0345443835443687e8,-3.7046506538723726e6,3.0401280551304436e8,-6.044020629106088e6,2.835893787659999e6,4.0293620412690984e6,6.022290211027069e6,-316339.5020158573,-1.4229177256367384e7,0.002311174090063872,5.776252663964317e8,0.004196733512664252,-0.0018855594226003802
2025-05-08,5.923689656573802e8,1.8736552013596466e8,1.0500102109810829e8,-4.034643917959353e6,3.0403706834126663e8,-5.935543751287075e6,2.835893787659999e6,4.104365100248663e6,6.156978654209899e6,-436745.67929908255,-1.5045491703253007e7,0.002126569895512631,5.816500402479497e8,0.0069436310759165565,-0.004817061180403925
2025-05-09,5.931024011437835e8,1.8101315442221177e8,1.1192308880773354e8,-3.9715721040661396e6,3.041377300179043e8,-5.748860921199498e6,2.8926324276599996e6,4.139605197184544e6,6.172312067877643e6,-409718.0586152526,-1.4894113423848791e7,0.0012373737578528221,5.809089414034002e8,-0.0012749442508024345,0.0025123180086552566
2025-05-12,5.992845037807965e8,1.8218829255649558e8,1.1503113958234787e8,-5.363266904353513e6,3.074283385463066e8,-4.62218352218356e6,3.065255287659999e6,4.247762971409621e6,6.391696473696732e6,-410111.7104159334,-1.726153292344385e7,0.010369382630976531,6.001064687924442e8,0.03251307025338335,-0.022143687622406816
2025-05-13,6.013853965743321e8,1.8175739071694896e8,1.1670575827637863e8,-5.11303817368187e6,3.0803528575468636e8,-5.00608649767766e6,3.065255287659999e6,4.278590666312473e6,6.545258669267847e6,-413354.79393979476,-1.6687954007977605e7,0.003499537944623654,6.040695160940571e8,0.006582196721574007,-0.0030826587769503533
2025-05-14,6.032945409199847e8,1.816855726850041e8,1.1774527458751678e8,-4.9139753481493285e6,3.087776689956131e8,-5.104823144459533e6,3.1369264376599994e6,4.3071153415679475e6,6.482805590490795e6,-367839.6016826352,-1.677042968494455e7,0.003169548831206015,6.048415415878404e8,0.001277224811250477,0.001892324019955538
2025-05-15,6.073383105194024e8,1.8192434445595136e8,1.1749905877587509e8,-4.409657357691475e6,3.123245646452675e8,-4.812252762798638e6,3.191909787659999e6,4.399617925780495e6,6.137999593681153e6,-444404.6291385362,-1.6682877085040161e7,0.006680447558490954,6.07795797081044e8,0.004872456494126709,0.001807991064364245
2025-05-16,6.118041648318379e8,1.8230161167270628e8,1.1828673963611984e8,-3.7709758272154955e6,3.1498678935022736e8,-4.453905404385773e6,3.2648319776599994e6,4.437231763345021e6,6.007360766104622e6,-354818.4016136874,-1.6319221332359895e7,0.007326254933669674,6.116455945421224e8,0.006314055398807028,0.0010121995348626456
2025-05-19,6.124125051639215e8,1.831483432973329e8,1.1737085862069702e8,-3.7175599076728947e6,3.1561086315356445e8,-3.494867358778678e6,3.332450957659999e6,4.600648163052272e6,6.068044618301374e6,-450772.73419064743,-1.560765592642755e7,0.0009938443039771983,6.123146368289284e8,0.00109324198007954,-9.939767610234185e-5
2025-05-20,6.111168283989303e8,1.8312950384193686e8,1.1662754493812943e8,-3.5347454717617626e6,3.1489452509062576e8,-3.494867358778678e6,3.332450957659999e6,4.602962201642314e6,6.046533601769467e6,-349003.34620272,-1.4600525980144111e7,-0.0021179341005996832,6.102559233035998e8,-0.0033678472856379926,0.0012499131850383094
2025-05-21,6.057138631230901e8,1.8311073246674678e8,1.1495842295629692e8,-3.852685051179986e6,3.114973927512264e8,-3.494867358778678e6,3.332450957659999e6,4.605243122732717e6,6.298476513646902e6,-530169.572620497,-1.3921051464518515e7,-0.008880447906165045,5.999726856847955e8,-0.016994285260491182,0.008113837354326137
2025-05-22,6.048203838656743e8,1.8320748095499098e8,1.1428629593733597e8,-3.2098604591859696e6,3.1053646743253326e8,-3.340747773700459e6,3.332450957659999e6,4.646269559768164e6,6.465561018047317e6,-545998.489301965,-1.335122392779646e7,-0.0014761737173252243,6.002093886251404e8,0.0003944450570969593,-0.0018706187744221836
2025-05-23,6.04063608733996e8,1.9053251019674316e8,1.0629101847460365e8,-2.902681016959619e6,3.101427610796089e8,-3.2209118911318313e6,3.332450957659999e6,4.653893433793072e6,6.3871791412051795e6,-562343.9193601311,-1.2583700089692237e7,-0.001252022915629425,5.961125582158787e8,-0.006849070077127095,0.00559704716149767
2025-05-27,6.131616734749577e8,1.9238569442662326e8,1.0874255380696869e8,-3.3040945640999177e6,3.153375198054657e8,-1.2898647015751947e6,3.3997870576599995e6,4.782792364345087e6,6.123616601347747e6,-538779.3019625058,-1.8363940893784624e7,0.014949137693928805,6.085060960249221e8,0.020577425194396426,-0.005628287500467621
2025-05-28,6.093334131700586e8,1.9236701089577085e8,1.0775007903458977e8,-3.6391436918453043e6,3.1285546693154335e8,-1.2898647015751947e6,3.3997870576599995e6,4.78493026273863e6,6.28681912303752e6,-440803.7852114171,-1.8115827114351932e7,-0.006263048188227316,6.049855913290464e8,-0.005802288733406158,-0.000460759454821158
2025-05-29,6.110532708109686e8,1.9234843157368585e8,1.0770439117324257e8,-3.0331382258329005e6,3.140335862898731e8,-1.2898647015751947e6,3.3997870576599995e6,4.787067254626988e6,6.190497358799007e6,-512813.25282916985,-1.682363431574712e7,0.0028185472720423377,6.073737243681399e8,0.003939650723992827,-0.0011211034519504892
2025-05-30,6.112590449442271e8,1.923376439948823e8,1.0715350549806213e8,-2.714810292692039e6,3.144827057439747e8,-1.27070527970815e6,3.3997870576599995e6,4.800525516244014e6,6.081367948397117e6,-489517.58099074656,-1.5115649220551128e7,0.00033669649327805473,6.066943520734955e8,-0.001119166838726926,0.0014558633320049807
2025-06-02,6.147381061891978e8,1.9334419124111146e8,1.0885175936258316e8,-3.2258647240461875e6,3.1576802030954933e8,-279263.21501320146,3.4738992176599987e6,4.84303820302079e6,6.142654485770746e6,-502630.54967247066,-1.7174509073796295e7,0.005675495380213391,6.10111873562394e8,0.005617213986923275,5.828139329011606e-5
2025-06-03,6.162911041956619e8,1.9324467520723712e8,1.1018085653006554e8,-3.013862993949446e6,3.1587943545230865e8,-346688.7884451036,3.4738992176599987e6,4.858540492343808e6,6.144504339475707e6,-548500.0941358977,-1.7049318556134913e7,0.002523090138279116,6.135911216011977e8,0.005686440954789873,-0.003163350816510757
2025-06-04,6.153335805303724e8,1.9343028557766515e8,1.1044695906828117e8,-3.4867083758697417e6,3.1494304426029587e8,-123725.38311168423,3.4738992176599987e6,4.879263449834422e6,6.290860698510891e6,-539366.6480062306,-1.8203071728196625e7,-0.0015548955295905387,6.134263484700339e8,-0.00026857503853605635,-0.0012863204910544823
2025-06-05,6.109613365840954e8,1.9381064002734447e8,1.0974126435686874e8,-5.163753278892858e6,3.12573185478775e8,311723.8801391261,3.4738992176599987e6,4.9177540239313245e6,6.361461736447287e6,-580429.3738009525,-1.8572933509497527e7,-0.007130849866971545,6.104617629689921e8,-0.00484454628078268,-0.0022863035861888648
2025-06-06,6.154825561578265e8,1.9321631775194618e8,1.1073515827938461e8,-3.598920452241572e6,3.1513000057873726e8,-327992.4414459711,3.618649476659999e6,5.000623978455796e6,6.249646661226812e6,-633088.5010147003,-1.940453256600265e7,0.007372926036989469,6.16730620118398e8,0.010216673057183101,-0.002843747020193632
2025-06-09,6.174848182374595e8,1.9259113787441385e8,1.1188332678811264e8,-2.866754602551447e6,3.158771081774845e8,-881580.0796221262,3.6722807066599987e6,5.109239188360193e6,6.234304005820424e6,-575058.2158492473,-1.7368539289977927e7,0.003247878056338749,6.172864759389507e8,0.0009008884235441883,0.0023469896327945605
2025-06-10,6.209403693507388e8,1.924764310796236e8,1.1249092026607895e8,-2.1692138331328146e6,3.181422318381691e8,-951618.9908089994,3.6722807066599987e6,5.137244783217587e6,6.026407460762174e6,-498705.1698064115,-1.4888897292590143e7,0.005580571383497102,6.207863206191498e8,0.005653712790522292,-7.314140702519012e-5
2025-06-11,6.206382776293787e8,1.9253221531411016e8,1.1259293156150818e8,-2.2278271621007673e6,3.177409579158611e8,-951618.9908089994,3.7470544616599996e6,5.139478769954917e6,6.088560876879886e6,-453720.94582576636,-1.3986152867214998e7,-0.0004866251977766467,6.190158333247954e8,-0.002856082306745833,0.0023694571089691863
2025-06-12,6.208354994275357e8,1.9267200087193745e8,1.121408872835617e8,-2.2292970945444815e6,3.1825190836658096e8,-764418.9208956982,3.7470544616599996e6,5.170145899946269e6,6.091707144402765e6,-479071.39073564054,-1.3712953281839853e7,0.00031772205496594097,6.214759595473512e8,0.003966377628529472,-0.0036486555735635307
2025-06-13,6.17992722433302e8,1.9125354942654297e8,1.1335650272813034e8,-2.5800668401781693e6,3.1596273711880684e8,-753096.6592807074,4.145135881659999e6,5.181263922928968e6,6.414828143964145e6,-458018.23601958103,-1.3077555253025955e7,-0.004589469199853369,6.145277934775823e8,-0.011243071461251475,0.006653602261398106
2025-06-16,6.226151218464744e8,1.9226119326118025e8,1.1583795882666588e8,-3.1230759691797155e6,3.17639045727808e8,223314.30607294996,4.305564961659999e6,5.302268839547928e6,6.257336188316577e6,-571263.8011228538,-1.890476980090423e7,0.007451864543220665,6.203745145398029e8,0.009469193978652868,-0.0020173294354322024
2025-06-17,6.195392413577414e8,1.9224209775648656e8,1.156568708505249e8,-3.714803840994516e6,3.153550765917244e8,223314.30607294996,4.305564961659999e6,5.30456361873147e6,6.471983601479668e6,-533463.1330390401,-1.8528187953716204e7,-0.0049525032745734165,6.150733192902968e8,-0.008581872321503425,0.003629369046930009
2025-06-18,6.186233449384193e8,1.9016789398392782e8,1.1709048149850464e8,-3.4964110957919164e6,3.148613805517788e8,-23948.44895124127,4.305564961659999e6,5.314801370197284e6,6.565809727915416e6,-512704.68261798227,-1.825879317369828e7,-0.0014794447781198983,6.14980729465439e8,-0.00015054594572561086,-0.0013288988323942874
2025-06-20,6.198233159296536e8,1.900621753470277e8,1.1796200039429474e8,-3.3257821448043883e6,3.151249223331356e8,-92201.15096996928,4.305564961659999e6,5.335574294183506e6,6.48812974664531e6,-540121.6442259637,-1.6202874404558368e7,0.0019378652382435746,6.135363662222264e8,-0.0023513940730346405,0.004289259311278215
2025-06-23,6.240146809528971e8,1.9082355211184967e8,1.180602014102745e8,-3.212626419366663e6,3.183435538501396e8,737409.2976220828,4.305564961659999e6,5.387082586888928e6,6.369595901662235e6,-603224.8308221485,-1.7880693495144136e7,0.006739432141539936,6.195965952378664e8,0.009829074390541592,-0.003089642249001656
2025-06-24,6.285752498361562e8,1.9120387778818327e8,1.2006370599695778e8,-3.1736046427084487e6,3.204812706937237e8,1.1651222884812825e6,4.305564961659999e6,5.417631410023728e6,6.368323715198123e6,-571927.8936346042,-1.885488058205136e7,0.007281854856582726,6.264413978549707e8,0.010986617591928649,-0.0037047627353459234
2025-06-25,6.25312427830113e8,1.8924356612148404e8,1.2221378560076523e8,-3.767218890167856e6,3.176222949980316e8,1.0597825569301932e6,4.305564961659999e6,5.455642501866961e6,6.600757921582005e6,-472074.87043099635,-2.0562562846400477e7,-0.005204340753419245,6.267924279986306e8,0.0005601989757977321,-0.0057645397292169775
2025-06-26,6.289310364778115e8,1.8937870801846647e8,1.2305591209617996e8,-3.2307733495367533e6,3.197271897127018e8,1.219664790346759e6,4.305564961659999e6,5.4635093283437705e6,6.529913089502544e6,-478128.2218718871,-1.9377007715982236e7,0.005770201385722373,6.316963298791885e8,0.007793357978435722,-0.002023156592713349
2025-06-27,6.31391993660597e8,1.9002909856794444e8,1.2308459484742546e8,-3.3475922754046977e6,3.216258925206318e8,1.8402530817737763e6,4.388664211659999e6,5.499835165340349e6,6.496765345410743e6,-600029.5983586352,-2.15722755086861e7,0.0039052849970317993,6.348348144078894e8,0.004956042284320006,-0.0010507572872882065
2025-06-30,6.337100729356126e8,1.9035356138067916e8,1.231924350578556e8,-2.957989140474434e6,3.2312206563755226e8,2.1678926060305075e6,4.447334781659999e6,5.544644885128524e6,6.313441710842825e6,-451856.49826580164,-1.994989336389328e7,0.0036646558890112146,6.378701256067691e8,0.004769867481932977,-0.001105211592921762
2025-07-01,6.315388947643048e8,1.878860733905151e8,1.2410851385429764e8,-3.037965777405837e6,3.225822732968979e8,1.5729765039648393e6,4.447334781659999e6,5.600127810717567e6,6.132629256435151e6,-356527.90436238877,-1.7972027760648753e7,-0.0034320206661071495,6.376636521985646e8,-0.00032374432351645055,-0.003108276342590699
2025-07-02,6.339185091978573e8,1.879440648588885e8,1.2552427014030075e8,-2.9783247308459356e6,3.2342849892951393e8,1.588076839695473e6,4.5140012009499995e6,5.606861571633049e6,6.149140977223757e6,-424508.50355041225,-1.7553132259572178e7,0.003760880818141743,6.405543432877077e8,0.004523009419994395,-0.0007621286018526519
2025-07-03,6.3604267047215e8,1.8802246310685343e8,1.2563118458686447e8,-2.4255368988465215e6,3.248145596772785e8,1.6247236201693404e6,4.584198080949999e6,5.618201246592168e6,6.137895621198992e6,-329132.3642301757,-1.6345567658395518e7,0.0033452412391667963,6.456028019037211e8,0.007850494106435235,-0.004505252867268439
2025-07-07,6.317125636812311e8,1.8676990543296966e8,1.2542682660319138e8,-2.8291898129892047e6,3.223450214580593e8,2.2624687441771575e6,4.584198080949999e6,5.70067726919705e6,6.51246237931792e6,-568921.487350887,-1.995388794039431e7,-0.006831166636739994,6.407918067194271e8,-0.007479847291854469,0.0006486806551144753
2025-07-08,6.335419806488714e8,1.8674435219760084e8,1.2751318983222198e8,-3.134644925648241e6,3.224190835446968e8,2.266273383497817e6,4.584198080949999e6,5.712988931850664e6,6.540240576203715e6,-440555.30103196733,-1.9687985837707493e7,0.0028917789715841025,6.404408399500483e8,-0.0005478580007611811,0.0034396369723452835
2025-07-09,6.34429607828504e8,1.8673274029097638e8,1.2768915630626678e8,-2.920510914103932e6,3.2292822214536476e8,2.2810837691350174e6,4.584198080949999e6,5.722315646856742e6,6.675379601311006e6,-501764.20658553706,-1.8640113904100977e7,0.0014000744696396339,6.442813213917879e8,0.005978713525980339,-0.004578639056340705
2025-07-10,6.363610999966578e8,1.872451777914265e8,1.2765432650159836e8,-2.6293270181325404e6,3.240909227217655e8,2.4458079888000544e6,4.977962934949999e6,5.751247690971508e6,6.592467346384647e6,-508830.1657631191,-1.7551761273829293e7,0.0030398296802118807,6.460983887828367e8,0.002816331623570534,0.00022349805664134692
2025-07-11,6.354842992524278e8,1.728897372492701e8,1.423765717823105e8,-2.9706880994309755e6,3.2318867832027817e8,2.5765457731780075e6,4.977962934949999e6,5.766254368775763e6,6.7756279416563995e6,-590698.8856729517,-1.717585733270556e7,-0.0013787853203695022,6.438270545440258e8,-0.003521655608849983,0.0021428702884804807
2025-07-14,6.357229701809982e8,1.730334452125526e8,1.4179580961153793e8,-2.6077028509264598e6,3.2350141820783424e8,2.7550912513835235e6,4.977962934949999e6,5.783943894671418e6,6.718761103553013e6,-586399.4282632419,-1.5599581696874639e7,0.0003755027793062027,6.450555649854139e8,0.0019063191555410697,-0.001530816376234867
2025-07-15,6.352031280880116e8,1.732830172520075e8,1.427555929553318e8,-3.2969435934831053e6,3.224614614741554e8,3.042118699213151e6,4.977962934949999e6,5.804244873692055e6,6.964533863614398e6,-595824.9510505984,-1.6438481951942015e7,-0.0008180524779284326,6.422991006238881e8,-0.0042823763298009965,0.003464323851872564
2025-07-16,6.382951554587367e8,1.7347928997257736e8,1.4331460866884232e8,-2.9373651535482886e6,3.2443862197086525e8,3.2705411793783847e6,4.977962934949999e6,5.819254231418386e6,6.889866723831172e6,-557560.3338994089,-1.694409296011017e7,0.004855967984589427,6.44446474768639e8,0.003337685676672919,0.0015182823079165075
2025-07-17,6.419093910389153e8,1.7375195937942776e8,1.4456865085116196e8,-3.0323297388146315e6,3.266211105471401e8,3.5982985329258326e6,4.977962934949999e6,5.857118340587086e6,6.8342878433078015e6,-620672.6497375013,-1.8102220085347805e7,0.005646355798816671,6.48390256288762e8,0.006100992736925548,-0.0004546369381088766
2025-07-18,6.400636457118356e8,1.741330011019408e8,1.4308867512586594e8,-3.2095049735631924e6,3.26051474457592e8,3.976397629424112e6,5.02535881495e6,5.884250230052284e6,6.892488224061256e6,-522720.011854098,-2.000814866112275e7,-0.002879540442020101,6.479153927996043e8,-0.000732641272886525,-0.002146899169133576
2025-07-21,6.419142180684501e8,1.7432039127815026e8,1.4302843882871056e8,-2.7269581304422477e6,3.272923460920315e8,4.169871888146705e6,5.083865654949999e6,5.931569593871617e6,6.834936035316171e6,-560283.7980525917,-1.724029136846901e7,0.002887060212650283,6.491439666152736e8,0.0018943993182318764,0.0009926608944184068
2025-07-22,6.417872445235267e8,1.734240250376213e8,1.4271858333166504e8,-2.2219947689087526e6,3.278666309231491e8,3.356418405533031e6,5.083865654949999e6,5.997160857013647e6,6.469210957581924e6,-382674.881095146,-1.4061050862842092e7,-0.00019782410324609145,6.492368733115375e8,0.00014311162574998093,-0.0003409357289960724
2025-07-23,6.44132284262282e8,1.733749182463366e8,1.4407603188600922e8,-2.081695594278341e6,3.2876302972421455e8,3.330573966669531e6,5.083865654949999e6,6.003105140931755e6,6.509762303141655e6,-339800.7046772816,-1.3131578151906203e7,0.003647261412300651,6.547602587909898e8,0.008471519417238227,-0.004824258004937576
2025-07-24,6.43242872982543e8,1.7260665856207347e8,1.4488034785572433e8,-2.230079105096556e6,3.2798594566984177e8,2.62681960084202e6,5.083865654949999e6,6.050229112014268e6,6.548576974789449e6,-416826.13337365503,-1.2100149926646447e7,-0.0013817439558962974,6.549769988327514e8,0.00033096721113778926,-0.0017127111670340867
2025-07-25,6.446589958305205e8,1.7269390140432435e8,1.4565371036522293e8,-2.13460338958826e6,3.284459874505615e8,2.7376655510360044e6,5.083865654949999e6,6.057947884749429e6,6.62038844330016e6,-431888.66432623286,-1.2300391933004115e7,0.002199116956006719,6.577438565763967e8,0.0042154610853089025,-0.0020163441293021833
2025-07-28,6.458605539221543e8,1.7327541013264325e8,1.4783421139608765e8,-3.0501870427757795e6,3.278011194361992e8,3.411308555241121e6,5.083865654949999e6,6.132686600430659e6,6.941929524707202e6,-463296.2646020888,-1.5172637931492388e7,0.0018621313238789128,6.575787031995456e8,-0.00025112224600931654,0.0021132535698882293
2025-07-29,6.480732068076141e8,1.7313374588671198e8,1.4825201832337952e8,-2.3617840258523636e6,3.2904922662337494e8,3.322862672896946e6,5.083865654949999e6,6.168476980816701e6,6.499750829476113e6,-316227.53907414956,-1.606338935757537e7,0.0034200437601086264,6.558442124969224e8,-0.0026411777808768022,0.006061221540985429
2025-07-30,6.465178424970114e8,1.734821278077263e8,1.4793589638454437e8,-2.814619550739425e6,3.279144378554802e8,3.371688169658185e6,5.408839604949999e6,6.176406816856079e6,6.605649552587868e6,-313099.66026453127,-1.593602632798056e7,-0.0024028670054505596,6.550183188641047e8,-0.0012600768155870412,-0.0011427901898635184
2025-07-31,6.468311629196734e8,1.714676829865024e8,1.5031031050774384e8,-2.9535245351097025e6,3.2800669396053696e8,3.1355101264677327e6,5.473791881949999e6,6.202182765321491e6,6.57384773360567e6,-291663.8478186174,-1.6372620905915156e7,0.00048451025589812957,6.525612346070472e8,-0.0037582220409788647,0.004242732296876994
2025-08-01,6.395266726596546e8,1.7059982576376235e8,1.474494423636799e8,-3.2159257812470705e6,3.246933303134594e8,2.3291867939205505e6,5.473791881949999e6,6.246262481276855e6,6.574890962371442e6,-233843.59400788238,-1.5907005398153951e7,-0.011356977925558454,6.418654304175214e8,-0.01652630915747011,0.005169331231911656
2025-08-04,6.467468173410014e8,1.7087483230620423e8,1.4978898809755135e8,-2.5742726244606734e6,3.2865726956170654e8,2.6681813249844657e6,5.473791881949999e6,6.298659500954068e6,6.61437212340166e6,-409618.6360227947,-1.6581252954647863e7,0.01122657128587079,6.516216475137266e8,0.01508542648869593,-0.00385885520282514
2025-08-05,6.442932889371394e8,1.7117084062251043e8,1.4867275369352722e8,-2.9625116945892377e6,3.27412206315691e8,3.0086539336053664e6,5.473791881949999e6,6.3256718950230675e6,6.703656646754106e6,-361493.0208467403,-1.829747741267155e7,-0.0038008600130687853,6.483179462338935e8,-0.005082864478403337,0.001282004465334552
2025-08-06,6.451400841985623e8,1.715581682108273e8,1.4767963842871284e8,-2.991237625285005e6,3.288935151843071e8,3.4336493720336165e6,5.473791881949999e6,6.345954053210752e6,6.713865782037311e6,-327752.5379162632,-1.9342571241300546e7,0.0013134379810537666,6.532838915357627e8,0.0076305506846274795,-0.006317112703573713
2025-08-07,6.502743378371581e8,1.7204920332013127e8,1.50313639996706e8,-3.156582531789901e6,3.310680770521107e8,3.964376462384408e6,5.473791881949999e6,6.373058692302968e6,6.538682435948797e6,-359869.1184144668,-2.0009844500053093e7,0.007926854040640308,6.527366546174554e8,-0.0008380219621280105,0.008764876002768318
2025-08-08,6.543985348493514e8,1.7229098634248474e8,1.5230445209527206e8,-3.2672961001470336e6,3.3307039251174164e8,4.196799157555335e6,5.530530521949998e6,6.402889919813706e6,6.592022014000792e6,-423226.4271427661,-2.0502994003311183e7,0.006322214304709917,6.578264332648222e8,0.007767354786700764,-0.0014451404819908475
2025-08-11,6.534135659966233e8,1.7203870591699493e8,1.5170046692287445e8,-2.947043240256918e6,3.326214363970108e8,3.908671814302434e6,5.644646541949998e6,6.463500648888117e6,6.594455899796866e6,-347353.9714910779,-1.824995384379028e7,-0.0015062852504925672,6.565256127685657e8,-0.00197941019669301,0.00047312494620044276
2025-08-12,6.567163682200543e8,1.718950491178804e8,1.5376320997667694e8,-2.9297427758549284e6,3.339878519013519e8,3.806821561680684e6,5.644646541949998e6,6.48767540074292e6,6.54650358931834e6,-357338.25798010937,-1.6798797968778703e7,0.00504195673111596,6.635150354954067e8,0.010589807297836984,-0.005547850566721024
2025-08-13,6.61139561645386e8,1.7180940541185147e8,1.5571734310295486e8,-2.2818258881867197e6,3.358946390187664e8,3.6947614242376457e6,5.716317691949998e6,6.515209201456193e6,6.423636437656833e6,-398006.20153158205,-1.4111677195024552e7,0.0067127368545811805,6.657863063599366e8,0.0034172433341552733,0.0032954935204259073
2025-08-14,6.601036748964549e8,1.719209681154678e8,1.5545326293200684e8,-2.5352698116699173e6,3.3526471366065025e8,3.832034675416562e6,5.716317691949998e6,6.528745575133121e6,6.664634797062325e6,-470090.19204282545,-1.5309990415026167e7,-0.001568048838446856,6.658482230326854e8,9.299349247626765e-5,-0.0016610423309231237
2025-08-15,6.58976193402936e8,1.5715813884357306e8,1.693338067924652e8,-2.492977140756128e6,3.349772249076538e8,4.0166666829027766e6,5.790635521949998e6,6.545882626550328e6,6.676940505919304e6,-524587.9433413215,-1.518125413802207e7,-0.0017094973476474706,6.642893424633139e8,-0.0023439399405376093,0.0006344425928901387
2025-08-18,6.568473342682393e8,1.5797738915014654e8,1.6824710592675018e8,-3.2155968850867543e6,3.3383843607642937e8,4.892576183679092e6,5.858254501949999e6,6.65237890347096e6,6.7539453051013835e6,-466305.8888712881,-1.9820446051242165e7,-0.003235784962665633,6.641447223535771e8,-0.00021773020451476555,-0.0030180547581508677
2025-08-19,6.537071561800302e8,1.579563802960402e8,1.6553387235510635e8,-3.0575344166595386e6,3.332744379455433e8,4.892576183679092e6,5.858254501949999e6,6.6556633057002295e6,6.521393972098264e6,-414742.0386371567,-1.8248212440541875e7,-0.004792145798621306,6.605416409692758e8,-0.005439914487617159,0.0006477686889958534
2025-08-20,6.527215434549787e8,1.5797708437434703e8,1.6475307564735413e8,-3.0589046111521847e6,3.330502880444298e8,4.937109298405242e6,5.858254501949999e6,6.6618526252067685e6,6.484817695337171e6,-458741.53645354655,-1.6882561640154168e7,-0.0015088659829984863,6.587865536252571e8,-0.0026605789014730874,0.0011517129184746011
2025-08-21,6.509902308756181e8,1.5815579393674707e8,1.6410985730068588e8,-3.303503728105888e6,3.3202808336629105e8,5.102418513293841e6,5.913237851949999e6,6.685822506681438e6,6.578982192037997e6,-509074.0418807862,-1.753505582103207e7,-0.0026559760081994455,6.561435926013906e8,-0.004019931538728372,0.0013639555305289264
2025-08-22,6.58218197607831e8,1.5829030587669677e8,1.6698247125068283e8,-2.884167910806941e6,3.3582958839125824e8,5.28746492804427e6,5.913237851949999e6,6.718790578426912e6,6.563312234801257e6,-524564.8639255918,-1.749272454649018e7,0.01104184790198559,6.662199131920221e8,0.015240159872821124,-0.004198311970835533
2025-08-25,6.549384889971297e8,1.585723916294826e8,1.656173810120964e8,-3.089387459682529e6,3.3383810381523323e8,5.602769064219019e6,5.913237851949999e6,6.734247518388334e6,6.829438509074946e6,-582567.8399441974,-1.7002779675275803e7,-0.004995162365108996,6.632877753229632e8,-0.004410869750213209,-0.0005842926148957872
2025-08-26,6.554931121028084e8,1.586187620628814e8,1.6595325166300583e8,-2.9318226207900774e6,3.338529209977112e8,5.602769064219019e6,5.98057395195e6,6.737540241635613e6,6.963590598167153e6,-591561.4515557945,-1.5977882180942357e7,0.0008464739988411907,6.660650264487281e8,0.004178356810403017,-0.003331882811561826
2025-08-27,6.57154399839468e8,1.5865589920363462e8,1.6661554696330643e8,-2.6848742538817674e6,3.3456782792640877e8,5.663452551349866e6,5.98057395195e6,6.743398678639025e6,6.82663381230141e6,-618804.9124666143,-1.563184251730126e7,0.0025312029444819473,6.675826503610275e8,0.0022759002902503767,0.0002553026542315706
2025-08-28,6.567338171121728e8,1.589273097839392e8,1.67176192248497e8,-3.2500016096841353e6,3.338803166894207e8,5.979146194280992e6,5.98057395195e6,6.769949003492212e6,6.989922984912203e6,-530270.7866706409,-1.6822110393869538e7,-0.0006402108432581599,6.69946827921821e8,0.00353514455019166,-0.00417535539344982
2025-08-29,6.540188962119701e8,1.58969607087829e8,1.6571419685889053e8,-3.4132742350526885e6,3.3274836650030327e8,6.045345732102898e6,5.98057395195e6,6.776129848708601e6,6.843092495159454e6,-600360.1550865417,-1.6250833432225186e7,-0.0041425430671857555,6.659514597367876e8,-0.005981563318844252,0.0018390202516584964
2025-09-02,6.518368440003313e8,1.583782979606294e8,1.652406504436264e8,-2.8834628613410983e6,3.3110135845741653e8,5.556956128861611e6,5.98057395195e6,6.861401243721511e6,6.89982493461471e6,-577072.3402371343,-1.5786431954587767e7,-0.003341952981983809,6.610165678327147e8,-0.00743788026873915,0.004095927286755341
2025-09-03,6.540705113414876e8,1.5842298593963572e8,1.6550406154742813e8,-2.610676024095353e6,3.3275413987851906e8,5.639094576145635e6,5.98057395195e6,6.881262463827742e6,6.828298321567796e6,-589834.697610815,-1.4233332916159818e7,0.003420869804099169,6.645989892013394e8,0.005404930669076435,-0.001984060864977266
2025-09-04,6.579510104269032e8,1.5853519470740217e8,1.6647241957384872e8,-2.245483147770353e6,3.351888792934227e8,5.707301816912999e6,6.056636431949999e6,6.895673895094033e6,6.77807096413231e6,-456504.826773336,-1.2369098573286239e7,0.005915315162475565,6.701533013300254e8,0.00832265916120889,-0.0024073439987333245
2025-09-05,6.532669033495661e8,1.4235488667871955e8,1.7972315762545013e8,-2.3018219944500267e6,3.334906810398464e8,6.057489070034536e6,6.20138669095e6,6.91829261290861e6,6.657263284269806e6,-482350.2591744202,-1.488911688991096e7,-0.007144696474604473,6.68212400593479e8,-0.002900406210926576,-0.004244290263677897
2025-09-08,6.519406648569438e8,1.4334769011798188e8,1.7948930418596268e8,-3.439546127340503e6,3.325432166803398e8,7.1410681153336065e6,6.214666670949999e6,7.00472036187086e6,6.895219814653647e6,-585673.4245328067,-1.9500990862182885e7,-0.0020322268754320305,6.698539212255572e8,0.002453572635094048,-0.004485799510526078
2025-09-09,6.557472875537417e8,1.4337153865680185e8,1.8065800935925674e8,-2.8490833400844308e6,3.3456682287776756e8,7.150736538152815e6,6.255017920949999e6,7.013299446183543e6,6.769528699379238e6,-460779.53935095837,-1.8352732825855322e7,0.005821929370615209,6.714025351613715e8,0.0023091998798463464,0.003512729490768862
2025-09-10,6.556048860839077e8,1.433502508322855e8,1.8109004455178452e8,-2.8722653675032146e6,3.3403685606734085e8,7.150736538152815e6,6.255017920949999e6,7.016892502623063e6,6.825036272130757e6,-431814.1834798547,-1.775639467466004e7,-0.00021718265048065177,6.733434992721992e8,0.0028867390704370166,-0.0031039217209176684
2025-09-11,6.564511593007159e8,1.438563908633887e8,1.8013301490681076e8,-2.895186045825113e6,3.353569395763416e8,7.632680952775261e6,6.32979167595e6,7.04977971564481e6,6.72960576903015e6,-520493.6763737872,-1.7427253331694357e7,0.0012899957088592373,6.789391314322387e8,0.008275879568525824,-0.006985883859666586
2025-09-12,6.5754121357945e8,1.2877892227076107e8,1.9568592426252747e8,-2.752572183492839e6,3.358289392296543e8,7.886639908404282e6,6.32979167595e6,7.073245777130259e6,6.79390878398688e6,-552711.8455083453,-1.9519949799018428e7,0.0016591489437658424,6.787119346340764e8,-0.0003346910056087893,0.0019938399493746317
2025-09-15,6.59028691382446e8,1.3005191646512023e8,1.9565987059830475e8,-2.9767061003609593e6,3.362936104193821e8,8.602845882522337e6,6.94513973595e6,7.1140624412846295e6,7.000604052236139e6,-543197.4291290753,-2.0196891361355204e7,0.0022596269750678744,6.82325346026216e8,0.005309802946904085,-0.003050175971836211
2025-09-16,6.598723775925623e8,1.300949478674055e8,1.9659012699811554e8,-3.1660488363590785e6,3.3635335156340027e8,8.670409696814619e6,6.94513973595e6,7.120811539397168e6,7.074564921897951e6,-554866.2796603191,-2.0253305562991362e7,0.0012793777259574313,6.813858856814579e8,-0.0013777997445956203,0.0026571774705530515
2025-09-17,6.616834179803045e8,1.3019003724215126e8,1.9717630799420166e8,-3.159252377968116e6,3.3747632512191963e8,8.792143845880346e6,6.94513973595e6,7.129650233686876e6,7.0095227134574e6,-573129.9495732812,-2.0036274377210114e7,0.002740771940914044,6.805393320329635e8,-0.001243172160279471,0.003983944101193515
2025-09-18,6.594744014864211e8,1.2997525222304292e8,1.9619039603458405e8,-3.0964925871715182e6,3.3640524581596565e8,8.618763452860137e6,6.94513973595e6,7.153199910400945e6,6.974709864866054e6,-534207.2192929259,-2.0223798365894917e7,-0.003344064607439634,6.837191365930177e8,0.004661595132301244,-0.008005659739740878
2025-09-19,6.615344029395891e8,1.3005726391321747e8,1.966561830722618e8,-2.9261775195821836e6,3.3774713347369194e8,8.746941593715563e6,6.94513973595e6,7.18157102008928e6,6.897395965938017e6,-491495.87525709945,-1.9817931685481675e7,0.00311883329784024,6.871054779355574e8,0.0049406002706646746,-0.0018217669728244346
2025-09-22,6.626498597277611e8,1.305114049557091e8,1.9732254637924957e8,-3.283474164480929e6,3.380993825572834e8,9.236022917365935e6,6.966185935949999e6,7.219706572914776e6,6.980556953337247e6,-535293.9455089273,-1.973233483849699e7,0.0016847459729874004,6.903561983162932e8,0.004719879284539985,-0.0030351333115525847
2025-09-23,6.62816614571445e8,1.3043886343348813e8,1.9774201564912415e8,-3.482657529920332e6,3.3811839301875305e8,9.203364321436714e6,6.966185935949999e6,7.241708471245623e6,6.928286480027385e6,-451972.92630912,-1.863724796040348e7,0.00025161684251884253,6.865982301886979e8,-0.00545839045971519,0.0057100073022340325
2025-09-24,6.634492638409876e8,1.3045193328748833e8,1.9844346502889633e8,-3.695610322183552e6,3.382494758467865e8,9.243239665133858e6,6.966185935949999e6,7.25062843324779e6,6.9623445494023e6,-474163.2295247968,-1.788528877139847e7,0.0009540309040971806,6.84413718715154e8,-0.0031867166788188683,0.004140747582916049
2025-09-25,6.614021817669622e8,1.3026115865006746e8,1.97808838048851e8,-3.5272466097631333e6,3.3685943167780685e8,9.082296295511765e6,6.966185935949999e6,7.262557101863541e6,7.105355188297194e6,-486833.2941600505,-1.7234585083012596e7,-0.0030902841370235024,6.812562219020882e8,-0.004624107693061319,0.0015338235560378166
2025-09-26,6.650434399116957e8,1.3036128189250553e8,1.987422927878418e8,-3.1968225488430196e6,3.391366877801914e8,9.217452471313039e6,6.966185935949999e6,7.279742674766342e6,6.944559885676057e6,-497999.70304824243,-1.7150076053508386e7,0.005490262445366767,6.851591903851075e8,0.005712726982508798,-0.00022246453714203085
2025-09-29,6.640205121681371e8,1.3081975753624465e8,1.9797856075626373e8,-3.4335649074046575e6,3.386557587830334e8,9.753989042690119e6,6.966185935949999e6,7.344679185771754e6,6.865191190270938e6,-496930.4062641099,-2.01252852192269e7,-0.001539320879096806,6.870847545455996e8,0.0028064476894797963,-0.004345768568576602
2025-09-30,6.655956752048435e8,1.3102588640302542e8,1.980896950315628e8,-3.4120824726969837e6,3.3989217624295235e8,9.869247243186185e6,7.091001435949999e6,7.360706005666624e6,6.734512248336507e6,-521154.27528943686,-1.924963225366854e7,0.002369351078236548,6.896728968162134e8,0.0037597689278925372,-0.0013904178496559894
2025-10-01,6.663095732777779e8,1.2709830871151254e8,2.0253673043541336e8,-3.2573731008546366e6,3.399319072317066e8,9.512923183642771e6,7.1576678552399995e6,7.38075996192406e6,6.631818089789e6,-562831.5535392227,-1.8340353396108437e7,0.0010719953872317944,6.920230052865769e8,0.003401777095948688,-0.0023297817087168937
2025-10-02,6.648376883222128e8,1.2539332785863024e8,2.0435339245506668e8,-3.367573718799901e6,3.384585417273159e8,9.591259329574255e6,7.227864735239999e6,7.41629642269554e6,7.086301099075478e6,-568743.1506617466,-1.914913908509315e7,-0.0022114541311601954,6.928200636214409e8,0.0011511173226352867,-0.003362571453795482
2025-10-03,6.634496208088132e8,1.1336078820283452e8,2.1530446277565765e8,-3.353522935061673e6,3.3813789276538277e8,9.619907609427929e6,7.318350585239999e6,7.423726143739432e6,6.986520415702848e6,-555848.391698886,-1.7737597622484654e7,-0.002090011715282003,6.928097969878838e8,-1.4818724462628552e-5,-0.0020751929908193745
2025-10-06,6.768764769883642e8,1.1324156388661931e8,2.2455674802550888e8,-3.422277001093665e6,3.4250044207732964e8,9.58420051834876e6,7.318350585239999e6,7.489340760060004e6,6.996437408228905e6,-469800.61570230965,-1.7654983225981656e7,0.020035878384678796,6.952943856829894e8,0.0035798341068336015,0.016456044277845194
2025-10-07,6.808756699579322e8,1.1317403984735982e8,2.2734120959812546e8,-3.7836712962288684e6,3.4414409180867577e8,9.555035778984612e6,7.318350585239999e6,7.509435139147707e6,6.961130692661515e6,-296993.211339347,-1.858485673637417e7,0.0058909198469940804,6.927165734202138e8,-0.0037144018347419205,0.009605321681736001
2025-10-08,6.887678087728676e8,1.1319574510740146e8,2.3275254487876892e8,-3.602798838424896e6,3.464223176251221e8,9.602315819688803e6,7.318350585239999e6,7.516637084271702e6,7.112307956317992e6,-411243.2972452695,-1.8288713008781917e7,0.011524497120895205,6.968473090699264e8,0.005945387426084636,0.005579109694810569
2025-10-09,6.87482226721142e8,1.1326863218481119e8,2.3178190659941483e8,-3.8384162520144302e6,3.462701041889305e8,9.747374697641427e6,7.318350585239999e6,7.570223086800071e6,7.088086887870414e6,-429698.95775375236,-1.9589354438710365e7,-0.001868239625789414,6.948285213417645e8,-0.0029012347560914975,0.0010329951303020835
2025-10-10,6.729807790047754e8,1.2079034317148393e8,2.1635882747662735e8,-4.445789142729372e6,3.4027739749939346e8,8.590023711553345e6,7.73747028524e6,7.651151406334031e6,7.042472034289944e6,-423146.2222492551,-2.188269127486185e7,-0.021319208098912412,6.76048820588783e8,-0.02739978999798609,0.006080581899073678
2025-10-13,6.764879709418062e8,1.2092660859785444e8,2.17324455613266e8,-3.880183179954893e6,3.421170899106407e8,8.77306765174102e6,7.73747028524e6,7.679770121352654e6,7.185562600515993e6,-377207.1981071607,-2.0333413981147345e7,0.005197897074161517,6.864221764354776e8,0.015227562737461398,-0.01002966566329988
2025-10-14,6.772519339619782e8,1.2065547610450108e8,2.178555925474167e8,-3.975540900510837e6,3.427164062105713e8,8.557123616710097e6,7.73747028524e6,7.716704142363933e6,6.834577270988268e6,-294630.50659484876,-1.71547828022442e7,0.0011286704314557028,6.855836079464166e8,-0.0012223980438363924,0.002351068475292095
2025-10-15,6.842695314540308e8,1.2065814649008027e8,2.2201723154621887e8,-3.391387846151935e6,3.449855412638836e8,8.588434863547627e6,7.73747028524e6,7.727069951436007e6,6.856219839572762e6,-273742.32834336715,-1.609948333411652e7,0.010308555266611563,6.886272845504171e8,0.004429715406320867,0.005878839860290697
2025-10-16,6.793545455044757e8,1.2063531818106133e8,2.1994021177655602e8,-3.6788414788869936e6,3.424578570257454e8,8.588434863547627e6,7.73747028524e6,7.7314338445268115e6,6.947248086736954e6,-269757.4579806685,-1.6023617493225686e7,-0.007208742228769438,6.839375877403721e8,-0.0068335058753064,-0.00037523635346303763
2025-10-17,6.813507663758609e8,1.2735765888996083e8,2.121371901350937e8,-3.149686767214515e6,3.45005604118021e8,8.679378072871976e6,7.73747028524e6,7.759118709373926e6,6.820882274293159e6,-287351.74299695337,-1.5550000708115412e7,0.0029340993763575796,6.878198328334335e8,0.005660265291766109,-0.0027261659154085294
2025-10-20,6.886888097066662e8,1.2797438949730924e8,2.159681573411026e8,-3.436602881257321e6,3.481828657495117e8,9.372260676281009e6,7.73747028524e6,7.825369749833931e6,6.801032183380199e6,-400673.33381393,-1.7964331545797363e7,0.010712265003753885,6.949734583229073e8,0.010346722614574588,0.0003655423891792964
2025-10-21,6.870695168505694e8,1.2748582268529764e8,2.160879904765892e8,-3.6579660687255603e6,3.4715366975740814e8,8.92369856501696e6,7.73747028524e6,7.846790784287811e6,6.909950415699452e6,-390037.4899576481,-1.828232880958366e7,-0.002354037875132775,6.949630649407878e8,-1.4955189602261498e-5,-0.0023390826855305136
2025-10-22,6.815744040723414e8,1.2746306310852289e8,2.1266812653071594e8,-3.3748087906999895e6,3.4481802322380257e8,8.92369856501696e6,7.73747028524e6,7.851010389972945e6,6.881501758802789e6,-422374.3911544386,-1.752924445503798e7,-0.008030054014888321,6.913500337943355e8,-0.005212443466223959,-0.002817610548664362
2025-10-23,6.82599807670538e8,1.2747576387186222e8,2.137618911156044e8,-3.264428949704869e6,3.4462658163277626e8,8.975578940262528e6,7.73747028524e6,7.871798311610571e6,7.080768119957547e6,-455123.9003677694,-1.730914126251327e7,0.0015033326132254388,6.954497160462518e8,0.005912453034593312,-0.004409120421367874
2025-10-24,6.90013904363527e8,1.258293148823599e8,2.193432608744316e8,-2.9023583581044916e6,3.4774368696483994e8,9.116600046898706e6,7.784866165239999e6,7.888264429995722e6,7.093871887260845e6,-370256.8110139835,-1.6769997678994248e7,0.010802993927317317,7.011333117086202e8,0.00813933282442747,0.002663661102889847
2025-10-27,6.97730846096933e8,1.2649186860507756e8,2.2255275429958725e8,-2.985264517063233e6,3.516714877093315e8,9.841882161265323e6,7.784866165239999e6,7.9323733988285335e6,7.014682673719677e6,-454378.01175977336,-1.7979479643481847e7,0.011121672446012809,7.094050496416026e8,0.011728617925520268,-0.0006069454795074591
2025-10-28,6.957061188115426e8,1.2701963075822908e8,2.2139502067059135e8,-3.7825867345282054e6,3.5107405411725044e8,1.0425586003090136e7,7.784866165239999e6,7.975153529750003e6,7.2416702237136e6,-524234.9888296114,-2.00774133471354e7,-0.0029060930079296554,7.112892303964599e8,0.002652480390800349,-0.0055585733987300046
2025-10-29,6.929295939338472e8,1.243901277665351e8,2.2307415021770096e8,-3.8211910160699175e6,3.492865069656811e8,9.659562903554117e6,7.784866165239999e6,8.019900776126757e6,7.417361820323724e6,-504282.60731325403,-2.007657573514388e7,-0.00399893010422403,7.116308811464999e8,0.0004802107354215934,-0.004479140839645623
2025-10-30,6.836795291438407e8,1.244230152741657e8,2.1892451142700768e8,-4.396681777206061e6,3.447286842198734e8,9.361145359058788e6,8.177993515240001e6,8.063024973847078e6,7.357385272563207e6,-442022.2587878551,-2.1451426272616513e7,-0.013439114786542916,7.038042841647846e8,-0.011059039567435036,-0.00238007521910788
2025-10-31,6.856946440793986e8,1.2157831780481008e8,2.228368687064743e8,-4.575826193957305e6,3.458552837620716e8,9.526184138452426e6,8.242945792239999e6,8.119850740449423e6,7.375584179926811e6,-418510.5665774218,-2.1688267215604443e7,0.002943120192465898,7.061129458552322e8,0.0032748926031160863,-0.0003317724106501885
2025-11-03,6.843715831981547e8,1.172525582464248e8,2.2635298816012573e8,-4.003274083258535e6,3.447693108748627e8,8.307946506360639e6,8.242945792239999e6,8.208977539779472e6,7.396307257107278e6,-409087.21924102196,-1.944040323657739e7,-0.0019313829743090594,7.07438102075476e8,0.0018749327948022199,-0.0038063157691112792
2025-11-04,6.772539406357569e8,1.1705018790465449e8,2.2311152696616364e8,-4.312337798221202e6,3.4140456356315994e8,8.1405790866151685e6,8.242945792239999e6,8.225513292098927e6,7.449006871188414e6,-365068.9470659627,-1.755354965170837e7,-0.010454720873337209,6.990524171848658e8,-0.011924409215694709,0.0014696883423575002
2025-11-05,6.801893323605105e8,1.165260325088905e8,2.2434374691646576e8,-3.532724249875732e6,3.4285227718503e8,7.667548187801766e6,8.242945792239999e6,8.25836268271493e6,7.367659330973537e6,-424151.82300405944,-1.513290501435937e7,0.004324889825760181,7.014749624586601e8,0.0034594792291677834,0.0008654105965923975
2025-11-06,6.699404756262522e8,1.1542950650755773e8,2.1844011727072906e8,-2.9182898077753936e6,3.3898914165574074e8,6.637379148287674e6,8.242945792239999e6,8.306365329215929e6,7.302275115999921e6,-403044.18237639917,-1.3671303402263284e7,-0.015182323268238207,6.939485694470689e8,-0.01078735713526413,-0.004394966132974076
2025-11-07,6.719087741839688e8,1.1559587094371085e8,2.1950130569425964e8,-3.29611894197962e6,3.40107716487978e8,6.777106337276593e6,8.301452632239999e6,8.323467063185641e6,7.169831793904063e6,-315825.74111206323,-1.321758785289548e7,0.0029337125160715516,6.946318075728675e8,0.00098408157315788,0.0019496309429136716
2025-11-10,6.800858915710669e8,1.1697911656947924e8,2.226710658280716e8,-3.5704494139531157e6,3.440061585874691e8,8.074277040289586e6,8.47230729224e6,8.398600628745921e6,7.190412816576635e6,-467625.3864661688,-1.6858770485770628e7,0.01209652272200401,7.054710911350682e8,0.015483862123531367,-0.003387339401527356
2025-11-11,6.830958942555017e8,1.1682379076102914e8,2.2351560871261597e8,-3.400113347387206e6,3.4615660812924385e8,7.967325202486574e6,8.47230729224e6,8.428623075334748e6,7.087370503256308e6,-449912.82736917335,-1.6277547015746493e7,0.004416149933312852,7.070860579433166e8,0.00228658714863883,0.0021295627846740217
2025-11-12,6.89108012374227e8,1.1680083804180937e8,2.278066324891281e8,-3.3160316536872215e6,3.4781657349697685e8,7.967325202486574e6,8.47230729224e6,8.433143048201596e6,7.035286540481824e6,-421971.46555980324,-1.5446214345189722e7,0.008762774337366608,7.074794854811106e8,0.0005562521295203737,0.008206522207846234
2025-11-13,6.801673968154777e8,1.1563294072789815e8,2.2471625988310242e8,-3.8548557538796715e6,3.4367305195835686e8,6.8939590297380695e6,8.47230729224e6,8.509079211252587e6,7.1500396599898655e6,-494691.6588486345,-1.574129361222932e7,-0.013059085935854142,6.957395266342564e8,-0.016733286364271294,0.0036742004284171514
2025-11-14,6.802089995155829e8,1.0727861213399227e8,2.3297893507203674e8,-3.5783733508063164e6,3.4352982566036034e8,6.984212799216129e6,8.54662512224e6,8.520668094984598e6,7.160364645851867e6,-513601.45339424914,-1.6004476477636352e7,6.116351361029615e-5,6.956257064251909e8,-0.00016360939114434814,0.0002247729047546443
2025-11-17,6.748233483650389e8,1.0769595420606446e8,2.298164529932289e8,-3.854251343631044e6,3.411651925093765e8,7.313831114786798e6,8.68180610224e6,8.549770472464414e6,7.282843962638442e6,-617812.3988901917,-1.5896536839395842e7,-0.007949152680289728,6.89144925679396e8,-0.009360146600226216,0.0014109939199364874
2025-11-18,6.709467212037317e8,1.0707151609115385e8,2.278206832619171e8,-3.661921482474953e6,3.397164433331356e8,6.769629964448068e6,8.68180610224e6,8.611797918112218e6,7.225870374056341e6,-699752.9683328965,-1.6509273801125575e7,-0.005761218757346143,6.833578398158005e8,-0.008432944988598479,0.002671726231252336
2025-11-19,6.660010920916214e8,1.0717567787495057e8,2.2467441482105637e8,-3.6285855199396685e6,3.3777958491555405e8,6.828387921724843e6,8.753477252239998e6,8.619960330067707e6,7.394024117849777e6,-525494.7452657798,-1.5739294202868784e7,-0.007398421422038837,6.859977588741685e8,0.003855714806920929,-0.011254136228959766
2025-11-20,6.565334803739159e8,1.0727864886765829e8,2.1917371573519135e8,-3.748478469223406e6,3.338295942402897e8,6.902938331146713e6,8.81376020224e6,8.633851238741314e6,7.409664211359475e6,-575292.932312063,-1.545926146827185e7,-0.014317619589057529,6.755415728419235e8,-0.01535966145932477,0.0010420418702672407
2025-11-21,6.609963010273117e8,9.866077374683116e7,2.293282770790329e8,-3.627859316243097e6,3.3663510951769066e8,7.576568464165795e6,8.81376020224e6,8.676281109783828e6,7.039343715480264e6,-637266.5683832446,-1.8528402373675074e7,0.006774553083584323,6.822707807700883e8,0.009911918982616896,-0.0031373658990325737
2025-11-24,6.687918323285118e8,9.914088251020955e7,2.329773693615799e8,-3.557376996496097e6,3.4023095745321846e8,8.145445442020321e6,8.81376020224e6,8.747212916137025e6,7.459121035060179e6,-273034.34645243315,-1.801392127453813e7,0.01172460545767251,6.923128158745815e8,0.01461128124060096,-0.0028866757829284495
2025-11-25,6.688636956067923e8,9.91216031062243e7,2.317756419494171e8,-2.931239769022402e6,3.4089769032017326e8,8.089043736550035e6,8.88109630224e6,8.75937995092248e6,7.38118930633356e6,-475035.41197143286,-1.6660352065332105e7,0.00010744661364725516,6.988246500181725e8,0.009361952883327973,-0.009254506269680718
2025-11-26,6.751027447955341e8,9.904593451969948e7,2.3516657975815582e8,-2.747096059976955e6,3.436373265776558e8,8.04189623834298e6,8.88109630224e6,8.769852336342901e6,7.289367119275343e6,-475986.5795230606,-1.5712135650421103e7,0.009284597918878035,7.036490171758033e8,0.0068798242696033185,0.0024047736492747163
2025-11-28,6.803518464656229e8,9.391953875372349e7,2.4327027142878723e8,-2.7779859740479607e6,3.459400222571602e8,8.355384402721288e6,8.88109630224e6,8.802197332249202e6,7.220192462399508e6,-330549.7333716566,-1.5581869277638955e7,0.007745191825918596,7.07489815488949e8,0.005443557655063103,0.0023016341708554933
2025-12-01,6.791710579116261e8,9.485151030211456e7,2.4337243958377457e8,-3.481841224604404e6,3.444289492503414e8,9.275282558222001e6,9.00415318224e6,8.89964331873997e6,7.314315591581973e6,-387055.0368625354,-1.8576544896291804e7,-0.0017370635641427157,7.042598184981711e8,-0.004575885906422883,0.0028388223422801673
2025-12-02,6.75573313118491e8,9.488419684341142e7,2.415238065081787e8,-3.6020570223294143e6,3.4276736678923035e8,9.334215111830289e6,9.00415318224e6,8.907562492980747e6,7.467707942738967e6,-429553.71187814086,-1.8028378210563663e7,-0.005311338918041031,7.05564251328457e8,0.001850490753330547,-0.007161829671371578
2025-12-03,6.744414858888403e8,9.471446069521661e7,2.40498189378582e8,-3.0930371599625465e6,3.423218729750042e8,9.129226017679395e6,9.081190822239999e6,8.93111743095641e6,7.3986791469907155e6,-449259.34118594107,-1.6772640600671737e7,-0.0016767630927674304,7.080074566179279e8,0.003456786392419531,-0.005133549485186961
2025-12-04,6.72852303198028e8,9.47396174156011e7,2.397096877451706e8,-3.281114383363736e6,3.4168411242061996e8,9.235021536131522e6,9.08205872224e6,8.994424914325478e6,7.405165148892905e6,-344556.3253417033,-1.743894260953818e7,-0.002359074821985274,7.08525097746907e8,0.0007308566971175878,-0.003089931519102862
2025-12-05,6.727568516487639e8,9.327973113227221e7,2.4138323253007507e8,-3.286487280320368e6,3.41380375266737e8,9.409838540749336e6,9.298243581239998e6,9.027195275606811e6,7.444692421965791e6,-472406.3981022483,-1.6051915160789024e7,-0.0001418711355825053,7.098709139828274e8,0.0018976599322897414,-0.0020395310678722467
2025-12-08,6.70370061500033e8,9.32217754297615e7,2.412853491041031e8,-3.4763900080671217e6,3.3933932697423553e8,9.42069690735601e6,9.311523561239999e6,9.091135568409879e6,7.492318220444958e6,-583972.2856156639,-1.7112310894171387e7,-0.0035540835907035273,7.077383060456e8,-0.0030087410774264356,-0.0005453425132770917
2025-12-09,6.699086931355177e8,9.12828757268702e7,2.4268256874142075e8,-3.3157887212142968e6,3.392590373884411e8,9.324086420086661e6,9.311523561239999e6,9.115379724875862e6,7.582381198734168e6,-585219.8473854152,-1.7191940783414405e7,-0.0006884663076895947,7.071274413489511e8,-0.0008634949792636348,0.00017502867157404012
2025-12-10,6.702836451084738e8,9.115275212228087e7,2.427682342589836e8,-3.1544194881989826e6,3.395170782154083e8,9.228456649146823e6,9.311523561239999e6,9.131796657282017e6,7.450373698788134e6,-574295.5724244704,-1.6159917855688673e7,0.0005595495094858904,7.118172649075586e8,0.006610321903686156,-0.006050772394200266
2025-12-11,6.702812281483015e8,9.13995758428479e7,2.42630156310524e8,-3.2548981156202173e6,3.395063941105499e8,9.527589730238862e6,9.311523561239999e6,9.166018998811914e6,7.393369410074143e6,-661226.4311158535,-1.720227445113372e7,-3.605883193813497e-6,7.134736151214415e8,0.0023242286648041954,-0.002327834547998009
2025-12-12,6.673976596812217e8,9.158515145883249e7,2.4033234993042374e8,-3.4073519927138784e6,3.388875102846794e8,9.715413026937768e6,9.351874811239999e6,9.190530975750811e6,7.2724039041899815e6,-691548.2568288916,-1.7785898525967997e7,-0.004311308132034952,7.058023485029886e8,-0.010810218055958387,0.006498909923923435
2025-12-15,6.672059060477164e8,9.232562533565721e7,2.3897960673415375e8,-3.5719196136187506e6,3.394725935915241e8,1.008123630076234e7,9.79350140624e6,9.239497824552938e6,7.124581643389909e6,-617263.4459083348,-1.6012581526043281e7,-0.00028735669490131954,7.047360128472342e8,-0.00151195584340158,0.0012245991485002605
2025-12-16,6.669697423193204e8,9.184284259445904e7,2.3893380726887894e8,-3.136057415509929e6,3.393291498714924e8,9.641460328508276e6,9.79350140624e6,9.264500624603648e6,7.323097894443525e6,-691453.2017299548,-1.4938421161381688e7,-0.0003540219477855544,7.028104486867423e8,-0.0027360593974670167,0.0023820374496814622
2025-12-17,6.636816021528054e8,9.042674841995628e7,2.3821669670471573e8,-2.978272704551592e6,3.380164297326851e8,8.305871231631107e6,9.79350140624e6,9.327008106007896e6,7.12559589155693e6,-558531.0917441966,-1.4966152511514638e7,-0.004942161405235623,6.950770118984157e8,-0.011064575515952413,0.0061224141107167895
2025-12-18,6.652229358723135e8,9.046845993762593e7,2.390694927538948e8,-2.958733275950453e6,3.3864371645674324e8,8.384408773945476e6,9.79350140624e6,9.345925262023106e6,7.207530798136369e6,-628173.8252954154,-1.4875249207455613e7,0.002319706745772976,7.003257332430743e8,0.0075229121009634525,-0.005203205355190477
2025-12-19,6.678950468396713e8,9.78402938817435e7,2.333540702136345e8,-2.537689035163815e6,3.392383717794571e8,8.411617484635688e6,9.79350140624e6,9.351597142635189e6,7.706993544540767e6,-502471.58283439116,-1.3647075988662241e7,0.004008819295144406,7.066731111269077e8,0.009022638461697596,-0.005013819166553191
2025-12-22,6.702923007042578e8,9.898142750566415e7,2.3360920527936554e8,-3.069952207122177e6,3.407716201263504e8,9.652236754259212e6,9.79350140624e6,9.433060223582052e6,7.587883288228899e6,-504361.978844552,-1.715324732065957e7,0.003582841271661863,7.11075595694478e8,0.006210548734106425,-0.0026277074624445618
2025-12-23,6.715195461112661e8,9.897059562560488e7,2.3365716551884842e8,-2.7469046952298097e6,3.416386896620426e8,9.666360029376294e6,9.79350140624e6,9.4399281261997e6,7.589325910104963e6,-488471.1749998052,-1.6269148786156364e7,0.0018292367176933055,7.143255555838393e8,0.004560071413092004,-0.0027308346953986984
2025-12-24,6.737505650881383e8,9.897884800713217e7,2.3437232729691696e8,-2.438857301901652e6,3.428382470859909e8,9.70594082419739e6,9.79350140624e6,9.453136170788923e6,7.465108056789331e6,-736159.4511903927,-1.5572221095961578e7,0.003316837271061246,7.168382824598051e8,0.003511449061324612,-0.00019461179026336595
2025-12-26,6.732963680413771e8,8.052589808840996e7,2.52835574915699e8,-2.437038596515142e6,3.4237193363378334e8,1.0031719429073302e7,1.003974789624e7,9.478860260836095e6,7.478734147898877e6,-376693.81563252746,-1.6104737445606485e7,-0.0006743596719651634,7.167655921592494e8,-0.00010140918548628974,-0.0005729504864788737
2025-12-29,6.739065074852576e8,8.063614161495844e7,2.5352854819158173e8,-2.430480741669788e6,3.4217229842038727e8,1.018027747127792e7,1.003974789624e7,9.499006461799026e6,7.480353660801738e6,-476662.8363570466,-1.5211736557459947e7,0.0009057870892057451,7.142112917548053e8,-0.003570013109275294,0.004475800198481039
2025-12-30,6.740854849819748e8,8.067881693638778e7,2.5396995910478592e8,-2.57413445471621e6,3.4201084339551735e8,1.0253406091150487e7,1.003974789624e7,9.511274981468843e6,7.473141683965484e6,-469085.5614209642,-1.5028562773448808e7,0.0002655468263448313,7.133391348966994e8,-0.001221893041865485,0.0014874398682103163
