Date,NAV,Cash,SharesValue,OptionMTM,BlockA_Value,CumPremium,CumDividends,CumCosts,Delta,Gamma,Vega,DailyReturn,SPY_NAV,SPY_Return,ExcessReturn
2024-01-02,5.996535654004549e8,3.0232394989910734e8,0.0,-2.6683483726524194e6,2.99997963874e8,2.2752360149273113e6,46677.75818,84255.56187489118,1.2329671806898985,-0.10469417762396341,-4.910441176387937,0.0,6.0e8,0.0,0.0
2024-01-03,5.976327746708335e8,3.0236979372115207e8,0.0,-3.1166192223185734e6,2.98379600172e8,2.2752360149273113e6,108702.70817999999,84255.56187489118,1.2511840495492756,-0.11287945617501417,-4.964103903827115,-0.0033756213210942576,5.950999682640432e8,-0.008200249894123601,0.004824628573029344
2024-01-04,5.96108554540705e8,3.023536671224705e8,0.0,-3.384803975765408e6,2.9713969139399993e8,2.2752360149273113e6,108702.70817999999,84255.56187489118,1.28367931609413,-0.11030890697473388,-4.800021542801171,-0.002553687170170349,5.931831164709616e8,-0.003226257245216857,0.000672570075046508
2024-01-05,5.965704055149962e8,3.0239249734734666e8,0.0,-3.3854686883505187e6,2.97563376856e8,2.347448570172672e6,108702.70817999999,101552.42331204616,1.2831626748305633,-0.11529225687916088,-4.486656134561602,0.0007744766409807369,5.939955569660425e8,0.001368691402717559,-0.0005942147617368221
2024-01-08,6.019386164578714e8,3.030527112849496e8,0.0,-2.753458561078162e6,3.01639363734e8,3.0761646433527293e6,108702.70817999999,157235.92731165115,1.238780958968584,-0.10924624692836951,-4.364843755011029,0.008958208480862595,6.024754046334498e8,0.014175002866892328,-0.005216794386029733
2024-01-09,6.015288291583688e8,3.03293972799384e8,0.0,-2.8409475610151542e6,3.0107580392e8,3.031417314940436e6,424143.07918,170424.66740189618,1.2417276674899733,-0.12392404060903786,-4.372417961006789,-0.000681011051579361,6.015614090764837e8,-0.001518218915105507,0.000837207863526146
2024-01-10,6.015752117839259e8,3.034738284063223e8,0.0,-3.1210406923964163e6,3.0122242407e8,3.251903318613369e6,424143.07918,194823.33382587918,1.2567015650441027,-0.12659997407395066,-4.987568554369466,7.71049285894776e-5,6.049635036496351e8,0.005639508233873158,-0.005562403305283681
2024-01-11,5.996943589568014e8,3.037642204358031e8,0.0,-3.992569325001769e6,2.99922707846e8,3.596395250527541e6,424143.07918,232690.25435388813,1.3268726093350118,-0.13818656333121612,-5.285266506845608,-0.003131444281780915,6.046969216121867e8,-0.00044075516764152667,-0.0026906891141393885
2024-01-12,5.999270641065798e8,3.03445451184748e8,0.0,-3.7959511581683243e6,3.002775640800001e8,3.3378661776950406e6,424143.07918,276748.20384260226,1.3241399103096967,-0.13717299155109233,-5.546221251212929,0.00038796431644883,6.051158362424628e8,0.0006925280698162339,-0.00030456375336740393
2024-01-16,5.99659035086616e8,3.029197997432591e8,0.0,-3.300088892642987e6,3.00039324236e8,2.9220457231469722e6,424143.07918,370390.682704198,1.289452062320372,-0.15264764385021184,-5.395435725748487,-0.0004468691736327912,6.028943192637259e8,-0.0036779814688117085,0.0032311122951789173
2024-01-17,5.98095493808793e8,3.029171925565394e8,0.0,-3.659492021746465e6,2.98837793274e8,2.9370853851969936e6,424143.07918,371856.2559238955,1.3151288473235696,-0.14889779760074776,-5.165215905075559,-0.0026107889859297018,5.99543002221517e8,-0.005574221059148954,0.002963432073219252
2024-01-18,5.991385477468506e8,3.027348534049834e8,0.0,-3.239626234132836e6,2.996433205760001e8,2.7319184180672397e6,471591.12218,380337.39859657636,1.2869942175192948,-0.17470291877660843,-4.799518083455225,0.0017424399336398722,6.048746429704856e8,0.008853532820527477,-0.0071110928868876044
2024-01-19,6.025368296040648e8,3.030063182360428e8,0.0,-3.0781342899779254e6,3.0260864565799993e8,3.0491536592558865e6,471591.12218,409940.5780723408,1.2710858500149562,-0.11857592519415916,-4.361018655733527,0.005655921691261057,6.124151063154554e8,0.012389096018868173,-0.0067331743276071165
2024-01-22,6.024988373066125e8,3.0374704478279746e8,0.0,-3.684347858184957e6,3.0243614038199997e8,3.8771988893475225e6,471591.12218,487773.1310867857,1.296331128397021,-0.12452742425453324,-5.07876718489232,-6.305588873090073e-5,6.137099333544906e8,0.0021120643955150342,-0.002175120284245935
2024-01-23,6.056642780044843e8,3.037003129591225e8,0.0,-3.062672028638153e6,3.0502663707399994e8,3.886226407270523e6,471591.12218,527274.5675510032,1.2631358592911,-0.12350232763375675,-4.7139062070051585,0.005240100282783544,6.154998413202158e8,0.002912292543854278,0.002327807738929266
2024-01-24,6.063792393709317e8,3.0343628048316586e8,0.0,-2.9932706582341488e6,3.05936229546e8,3.6459997180247614e6,471591.12218,534737.032474482,1.3070603709795856,-0.10803282269762673,-4.283648779371179,0.0011797620120468366,6.161726436052047e8,0.001092502041156962,8.72599708898747e-5
2024-01-25,6.091180591999611e8,3.024365279069604e8,0.0,-2.4203055129993805e6,3.09101836806e8,2.765346959132812e6,471591.12218,637474.2353923466,1.2666874026174564,-0.1460444516518854,-4.125848324862814,0.004506508516943342,6.195239606474135e8,0.0054241878588783266,-0.0009176793419349849
2024-01-26,6.093045641674798e8,2.9554955190865093e8,7.12264e6,-2.626381129171101e6,3.0925875338799995e8,3.165427464434468e6,471591.12218,657137.7375904942,1.2263076922929337,-0.11283265679094409,-4.356347617447304,0.00030614167103948375,6.187369089178039e8,-0.0012712213636767444,0.0015773630347162282
2024-01-29,6.114712434152565e8,2.963880468070934e8,7.18928e6,-2.8430030918369098e6,3.1073691970000005e8,3.983736013127704e6,560483.77218,709402.4861097846,1.224347179449457,-0.10892682924418001,-4.641592724708143,0.0035496796534992825,6.236369406537607e8,0.007888216813164206,-0.004338537159664924
2024-01-30,6.110414963655335e8,2.965455292183047e8,7.193984e6,-3.0831350947712404e6,3.10385118242e8,4.0982586238309285e6,629874.49218,719333.3879223012,1.2102443975703676,-0.09884885482327688,-4.705806730959704,-0.000703055360389726,6.231545541098064e8,-0.0007738047140186666,7.074935362894053e-5
2024-01-31,6.049568134350511e8,2.9599245550307316e8,7.12264e6,-4.14711350402205e6,3.05988831436e8,3.5811561413908014e6,629874.49218,738816.1993832111,1.2650469317515882,-0.13299143091392274,-4.889710322662359,-0.01000779962632592,6.129863535385592e8,-0.016451894529431854,0.006444094903105935
2024-02-01,6.101427006004887e8,2.962565358031924e8,7.313936000000001e6,-3.3569063087039557e6,3.099291351060001e8,3.905953744265299e6,629874.49218,783209.2706648046,1.2139136935180672,-0.10054474417305154,-4.9616173243773485,0.00853579248838443,6.210092034274833e8,0.013003228233532838,-0.004467435745148407
2024-02-02,6.111166962219067e8,2.9638623308697397e8,7.290416e6,-3.2623559850674053e6,3.1070240312000006e8,4.058261307201462e6,629874.49218,789355.3817079611,1.260664104188564,-0.12689940753433074,-4.947427612598276,0.001595067895415525,6.275468105363377e8,0.01047236453012701,-0.008877296634711485
2024-02-05,6.07494042099244e8,2.961250636156461e8,7.183792e6,-3.7512915824020794e6,3.0793647806600004e8,3.8754242031996977e6,629874.49218,851197.2985008991,1.3434616349055768,-0.13653233183133823,-4.672793000693687,-0.00594556519222067,6.252618216439226e8,-0.0036477900414553233,-0.0022977751507653466
2024-02-06,6.077553194369454e8,2.9606952397009313e8,7.186144e6,-3.4534318271477143e6,3.07953083294e8,3.853141271054836e6,629874.49218,868061.3155349098,1.303226015351996,-0.14627559901166556,-4.546973342304594,0.0004299979082453831,6.270771183751191e8,0.00289905223670317,-0.002469054328457787
2024-02-07,6.088169876746149e8,2.957041205820487e8,7.168896e6,-2.6987034294337896e6,3.08642674522e8,3.5156974894208484e6,629874.49218,879621.1752304084,1.2887194760549323,-0.1515684633956306,-4.120349171172835,0.001745343866481619,6.323072040622026e8,0.008305829540848464,-0.006560485674366845
2024-02-08,6.068735347424971e8,2.9567386778910834e8,6.978384e6,-3.02407199461128e6,3.07245354948e8,3.4502191943220366e6,706963.2321799998,905056.0181664488,1.3289947085415683,-0.14022728973280663,-4.156226907445168,-0.00319728508511119,6.325864804823866e8,0.00044158086664936036,-0.0036388659517605504
2024-02-09,6.077720404997429e8,2.8162630012864554e8,2.0901372e7,-2.879020412902743e6,3.0812338878400004e8,3.742324012973179e6,723123.39218,933464.612283348,1.2292724981980736,-0.09036110563784544,-3.633667990696072,0.001479453660305552,6.362424627102507e8,0.005762782076025985,-0.004283328415720433
2024-02-12,6.091638160478741e8,2.825333451835455e8,2.117787e7,-3.432369459671403e6,3.0888497032400006e8,4.724135561590506e6,779753.20218,1.0595515180825011e6,1.1736581120232594,-0.10053904465959836,-4.964222131835791,0.002287345134011076,6.359631862900667e8,-0.0004390428935607815,0.0027263880275718577
2024-02-13,6.043936250611763e8,2.820686802380845e8,2.0950891e7,-3.9968136609082012e6,3.05370867484e8,4.2263828398571e6,847116.0021800001,1.0773887880437672e6,1.2075334107899345,-0.0845409313503448,-4.973332842556123,-0.007861540612886131,6.272040622024754e8,-0.013868732731996403,0.006007192119110272
2024-02-14,6.070849952118895e8,2.818661228173537e8,2.0796667e7,-3.1530540754641984e6,3.0757525946999997e8,4.024904172574197e6,872394.0021800001,1.0874365071646043e6,1.1925460018125542,-0.09687457634099235,-4.429574689316315,0.004443123524062287,6.329038400507776e8,0.009046553411184988,-0.004603429887122701
2024-02-15,6.091896502181237e8,2.823247340075268e8,2.1041711e7,-3.5243827434031777e6,3.09347587954e8,4.4660454710259745e6,950989.9771799999,1.1321809318422214e6,1.1725024971958495,-0.10981105696057096,-4.6316992961439825,0.0034608254226426993,6.372707077118375e8,0.006876039004506396,-0.0034152135818636964
2024-02-16,6.080260918171058e8,2.824377672846835e8,2.1114675e7,-3.7872051915777833e6,3.0826085472400004e8,4.4660454710259745e6,1.08088064718e6,1.132599873806507e6,1.1790215127852886,-0.1099542424663775,-4.489057643940729,-0.0019118365220691658,6.340971120279276e8,-0.004992421903818212,0.003080585381749046
2024-02-20,6.068077733417431e8,2.825749294926945e8,2.1399336e7,-4.200614006951349e6,3.0703412185599995e8,4.640036674181585e6,1.08088064718e6,1.160411715679716e6,1.1932933506899013,-0.1479795822622129,-4.118416183009585,-0.0020057374407187467,6.306061567756268e8,-0.005520605828397862,0.0035148683876791154
2024-02-21,6.082280771368793e8,2.8287375793811274e8,2.1758763e7,-4.548824657233372e6,3.08144380856e8,4.981685275614531e6,1.08088064718e6,1.1868576936836948e6,1.1747447791745198,-0.1087577267342388,-4.3581619086540515,0.0023378807160092663,6.311774039987305e8,0.0009054599851978651,0.0014324207308114012
2024-02-22,6.162150932345634e8,2.831919635754071e8,2.1737356e7,-3.035856454843803e6,3.1432163011399996e8,5.340961859090363e6,1.08088064718e6,1.2115161361963286e6,1.137913278824338,-0.12776776092984365,-4.239580635693386,0.0130461414205989,6.442399238337036e8,0.020484238850912106,-0.007438097430313206
2024-02-23,6.158633567516915e8,2.831749031680896e8,2.1792002e7,-2.9908012823981624e6,3.13887252866e8,5.340961859090363e6,1.08088064718e6,1.2119485171883919e6,1.1216144258379384,-0.14645703903068968,-4.03989903135035,-0.0005709644421294513,6.446842272294511e8,0.0006894174695695199,-0.0012603819116989712
2024-02-26,6.131476634237112e8,2.831458549003469e8,2.1526195e7,-3.319691042635621e6,3.11795304566e8,5.42666195094327e6,1.08088064718e6,1.3100783417606403e6,1.1720046920756984,-0.14593735452989043,-4.359796505200239,-0.004419322045581708,6.423230720406221e8,-0.0036692221391838586,-0.0007500999063978497
2024-02-27,6.147661736853664e8,2.831288807477029e8,2.1616471e7,-2.8659727203364857e6,3.12886794658e8,5.42666195094327e6,1.08088064718e6,1.3105072399947676e6,1.136949840216886,-0.14692841416902724,-4.046066519238228,0.002636196694044912,6.435163440177722e8,0.0018560207515783134,0.0007801759424665988
2024-02-28,6.142290229575073e8,2.83055597740837e8,2.1591615e7,-2.6936442573296526e6,3.12275454474e8,5.377786177633154e6,1.08088064718e6,1.3183255450542911e6,1.114116300209149,-0.1497404318007293,-3.6719775373591017,-0.0008741299616623621,6.426658203744843e8,-0.001322555685828064,0.0004484257241657019
2024-02-29,6.176161799213133e8,2.833102308204245e8,2.155108e7,-2.4733338951110304e6,3.152282029959999e8,5.639379344030075e6,1.13575002218e6,1.3635805729108998e6,1.0925789390133784,-0.15752181115380873,-3.3109582696908095,0.00549933626771093,6.449761980323707e8,0.0035885441826408737,0.0019107920850700566
2024-03-01,6.201312485728246e8,2.785470821190292e8,2.6187132e7,-1.8100666482045925e6,3.1720710110199994e8,5.757567591095561e6,1.29202426218e6,1.3704579279452523e6,1.154138863520877,-0.08406748583436836,-3.179717311082188,0.004063950455677201,6.510314185972707e8,0.009344489258701572,-0.0052805388030243705
2024-03-04,6.200887455091268e8,2.7988316256931317e8,2.5897564e7,-3.4193818161864392e6,3.1772740075600004e8,7.200421490620723e6,1.29202426218e6,1.468309176828166e6,1.1934788738721271,-0.11720656170282967,-4.328176222884648,-6.85411683711834e-5,6.503332275468105e8,-0.001073013808262857,0.0010044726398916737
2024-03-05,6.169607563524246e8,2.79118708367526e8,2.5582794e7,-3.553221617101461e6,3.15812475602e8,6.493337602208657e6,1.29306229418e6,1.5099849687530831e6,1.201562951067213,-0.1074209924804198,-4.489443611916855,-0.005057187798154672,6.438337035861632e8,-0.01004442077626777,0.004987232978113099
2024-03-06,6.195862238218988e8,2.7915851288191664e8,2.5619737e7,-3.047409480017771e6,3.1785538342e8,6.559194408721002e6,1.29306229418e6,1.5193891134810431e6,1.1597753464354332,-0.09075522741512874,-4.096300105944669,0.00424645639325405,6.470961599492224e8,0.005054439285675727,-0.000807982892421677
2024-03-07,6.219778702834693e8,2.7961814992468375e8,2.5606504e7,-2.882916613214325e6,3.19636132972e8,6.961692949995866e6,1.4090627241800001e6,1.5615320486476894e6,1.181712737501509,-0.11334848639615416,-4.306953817369015,0.0038526394749318627,6.53519517613456e8,0.009877491098166047,-0.006024851623234184
2024-03-08,6.208604891249281e8,2.7980269712696326e8,2.5898448e7,-3.4027545660351324e6,3.1856209856399995e8,7.174881733472023e6,1.4090627241800001e6,1.577146081200355e6,1.1701580641740303,-0.10525912547475536,-4.297854313612523,-0.0017981122824934914,6.495969533481435e8,-0.006020300103898535,0.0042221878214050435
2024-03-11,6.217230115841695e8,2.805013930050981e8,2.6271586e7,-4.1388926129285735e6,3.1908892519200003e8,7.882362606042324e6,1.47447748418e6,1.634592457357728e6,1.1661546911799705,-0.09986939919114023,-4.470046474517618,0.0013882730573513413,6.490384005077753e8,-0.0008602151068082264,0.0022484881641595678
2024-03-12,6.257153098408226e8,2.8060231954305404e8,2.6301423e7,-3.136311606231431e6,3.21947878904e8,7.970722103926655e6,1.54866859418e6,1.6794398745924835e6,1.145750568786634,-0.0948720254924796,-4.539946049361103,0.00640081648703017,6.56020311012377e8,0.010699866687112092,-0.004299050200081922
2024-03-13,6.246757705403264e8,2.80449278746072e8,2.6188202e7,-3.1146165197456707e6,3.2115290631400007e8,7.850599846751126e6,1.54866859418e6,1.695474033022151e6,1.1544870908638198,-0.1011808602188297,-4.590061935108622,-0.001662743051049631,6.549920660107902e8,-0.0015686277726274511,-9.411527842217993e-5
2024-03-14,6.212755223440048e8,2.805959016115027e8,2.609239e7,-4.0291216894978937e6,3.18616352422e8,7.80517776594851e6,1.8156407141800001e6,1.7535448764726138e6,1.2137054655468968,-0.10474672230166324,-5.235728113803371,-0.0054580891838398315,6.53697238971755e8,-0.001978815684697821,-0.0034792734991420105
2024-03-15,6.204825035941873e8,2.8062364483461493e8,2.6135067e7,-4.0801970224276017e6,3.1780398878199995e8,7.853465296266252e6,1.8156407141800001e6,1.7573246060910285e6,1.21902898330766,-0.11712122956533133,-5.328248175697769,-0.0012772518333896699,6.471977150111076e8,-0.009992471754678434,0.008715219921288764
2024-03-18,6.24412381564845e8,2.806216543944611e8,2.6330286e7,-3.1615449896162036e6,3.2062198616e8,7.946756395569057e6,1.8156407141800001e6,1.835862966879395e6,1.1708274575771151,-0.10079267431229218,-4.7963465295358825,0.006313611007314535,6.510441129800063e8,0.005925566624998879,0.0003880443823156554
2024-03-19,6.25230352090747e8,2.7977833496895206e8,2.662417e7,-2.4929489822051222e6,3.213207961040001e8,7.16731312486561e6,1.8156407141800001e6,1.882889898690304e6,1.1263858239496842,-0.09544577853644635,-4.380887289546088,0.0013091271940268712,6.546620120596637e8,0.005541688545644519,-0.0042325613516176475
2024-03-20,6.275468124624553e8,2.7992506648935974e8,2.6688343e7,-1.9849224129044975e6,3.2291832538600004e8,7.136706001567109e6,2.01958991418e6,1.8926291597691036e6,1.1103816256811603,-0.09961823614857795,-3.742931508499266,0.003698124578367157,6.607172326245637e8,0.009206870737266115,-0.005508746158898958
2024-03-21,6.265470631356878e8,2.8006014413322616e8,2.6112086e7,-2.142056187538275e6,3.2251688918999994e8,7.317334863612839e6,2.01958991418e6,1.9212465750722056e6,1.11417149039682,-0.10712073474395993,-3.579533715181156,-0.0015943775151185946,6.629006664550937e8,0.003299193539984202,-0.004893571055102797
2024-03-22,6.26718090674534e8,2.8029008718132406e8,2.6079997e7,-2.123059448790137e6,3.2247106594200003e8,7.394982767872626e6,2.19635741418e6,1.9288121057208758e6,1.1508911526703034,-0.11608599976595509,-3.4455541690255522,0.00027293113414472714,6.616439225642654e8,-0.0018976247056876616,0.0021705558398323888
2024-03-25,6.266618048005706e8,2.813824276328438e8,2.6030316e7,-3.188715188273153e6,3.22437776356e8,8.597168259311687e6,2.19635741418e6,2.0252409050979745e6,1.19440226485119,-0.15081902328106353,-4.697513948155992,-8.98145473762213e-5,6.598159314503332e8,-0.0027666255230762715,0.0026768109757000502
2024-03-26,6.250186452183427e8,2.813650048634285e8,2.5847524e7,-3.340684593085758e6,3.2114680094799995e8,8.597168259311687e6,2.19635741418e6,2.025753752796387e6,1.2311637476959834,-0.1616359163647,-4.60683647174116,-0.002625527188055088,6.585972707077118e8,-0.0018486785291607077,-0.0007768486588943802
2024-03-27,6.290796500163794e8,2.8147389520110023e8,2.6382106e7,-2.9502104647208257e6,3.2417385928e8,8.695650576895688e6,2.23952466418e6,2.0416474002185368e6,1.1284112237374053,-0.11002145369234843,-4.064534655026782,0.006476396639605753,6.641320215804507e8,0.00836873154237594,-0.0018923349027701875
2024-03-28,6.298950535060554e8,2.7382822711986375e8,3.3693298e7,-2.6311796318082623e6,3.2500470801799995e8,8.930591323412996e6,2.23952466418e6,2.0824971541763342e6,1.1055694069056308,-0.07139609282313682,-3.919410701929281,0.0012953454925010988,6.640050777530943e8,-0.0001911607285229877,0.0014865062210240865
2024-04-01,6.298432414071782e8,2.7418795203494793e8,3.3485121e7,-2.604953661769747e6,3.24775122034e8,9.37059734198031e6,2.23952466418e6,2.1533766895490526e6,1.1673419195698633,-0.11343316238590072,-4.4489020282747465,-8.225851212984026e-5,6.628498889241511e8,-0.0017412439939938906,0.0016589854818640504
2024-04-02,6.279653606671556e8,2.7430172363675874e8,3.3331789e7,-3.0456643056031642e6,3.2337751233599997e8,9.462937768589213e6,2.2894215544080003e6,2.1648466345688934e6,1.1910236876028741,-0.1128618926066231,-4.572581075930735,-0.0029859584871374523,6.586353538559188e8,-0.006378503854488571,0.0033925453673511186
2024-04-03,6.26847957071924e8,2.743990877606799e8,3.3045036e7,-3.257074900755925e6,3.22660908212e8,9.536094974114515e6,2.351446504408e6,2.1857195691390247e6,1.218866643534023,-0.12000161590566069,-4.740834088645688,-0.0017809882550565703,6.593589336718502e8,0.001098001555050132,-0.0028789898101067024
2024-04-04,6.216604221242034e8,2.732238336920734e8,3.28366e7,-3.5743821878700005e6,3.1917437062e8,8.439164003720818e6,2.351446504408e6,2.247127722478432e6,1.2135263381906458,-0.11360590506078175,-4.8631207298977825,-0.008310019999623108,6.513106950174549e8,-0.012281263923799912,0.003971243924176804
2024-04-05,6.245734385717484e8,2.734902197256165e8,3.2838446e7,-2.994051427868239e6,3.2123882427400005e8,8.737978872039344e6,2.351446504408e6,2.26278159348235e6,1.2210514319148464,-0.11714483078875787,-4.845594578863017,0.0046749199242874795,6.581148841637574e8,0.010392725630286037,-0.005717805705998558
2024-04-08,6.257195569954787e8,2.736641868747948e8,3.2844561e7,-2.674508253316051e6,3.2188531737399995e8,8.991779156088395e6,2.351446504408e6,2.325761159375735e6,1.1770437922753068,-0.09195332858686227,-4.639574489060382,0.001833360258473249,6.584830212630911e8,0.0005592248133012845,0.0012741354451719644
2024-04-09,6.268974359496133e8,2.74006721681447e8,3.3038902e7,-2.6463742138336306e6,3.22498186482e8,9.05057457539923e6,2.6668868754079994e6,2.340577647051942e6,1.1568309276998832,-0.09540306112531505,-4.354727886326466,0.0018806695229898196,6.592446842272296e8,0.0011560249447413184,0.0007246445782485011
2024-04-10,6.226544892682556e8,2.7370388503061545e8,3.2608566e7,-3.0467918943599258e6,3.19388830132e8,8.779364640828008e6,2.6668868754079994e6,2.3552880832945723e6,1.2246888684339978,-0.10561257545805777,-4.271863411438321,-0.006791175144940098,6.526436052046969e8,-0.010063562250120839,0.0032723871051807407
2024-04-11,6.249460160378851e8,2.738506542042204e8,3.3039503e7,-3.0166797243354437e6,3.210725385580001e8,8.980340010194946e6,2.6668868754079994e6,2.3926924912508265e6,1.2474360117465733,-0.10935042651617191,-4.096346891415894,0.003673498586795887,6.57569025706125e8,0.007518541017553559,-0.0038450424307576725
2024-04-12,6.192269170679017e8,2.657791383936601e8,4.0320489e7,-3.7786999137583603e6,3.1690598958800006e8,8.435608044915704e6,2.6668868754079994e6,2.411802813876881e6,1.2365388209993522,-0.09903906761442399,-3.947889501578611,-0.009193479618950562,6.484925420501429e8,-0.013899237222052108,0.004705757603101546
2024-04-15,6.146483466873046e8,2.6571736127080545e8,3.9922309e7,-4.73571233150075e6,3.137443887479999e8,8.441776640059056e6,2.6668868754079994e6,2.4706348341127336e6,1.2799970854151759,-0.12842754662314412,-4.045153013471115,-0.0074214817819857615,6.403681370993335e8,-0.012607278183043746,0.005185796401057985
2024-04-16,6.138435897108909e8,2.6506276027769572e8,3.9735187e7,-4.159607116804873e6,3.1320524955e8,7.832872264443195e6,2.6668868754079994e6,2.499745702568945e6,1.2960521457371703,-0.11654148760075533,-3.9748614739348382,-0.0013101544547176047,6.392002538876547e8,-0.0018254335512004616,0.0005152790964828569
2024-04-17,6.122494080726545e8,2.6401435253786308e8,3.990027e7,-3.948274395208556e6,3.1228305992999995e8,6.849834751708926e6,2.6668868754079994e6,2.548551896294177e6,1.227345383669438,-0.12765616902975402,-4.00577837778725,-0.0026004267856833962,6.354173278324342e8,-0.005935799437697398,0.0033353726520140015
2024-04-18,6.124897211583669e8,2.6372922218399796e8,4.003744e7,-3.893774023631097e6,3.12616832998e8,6.567396686889074e6,2.717662836408e6,2.5854991305660754e6,1.2099684874699583,-0.13447993894309196,-4.098282378392122,0.00039243147060830097,6.341098064106632e8,-0.0020598565384233325,0.0024522880090316335
2024-04-19,6.069930369842601e8,2.5224340381251433e8,4.8922673e7,-4.094048058254194e6,3.0992100822999996e8,3.8172816534698918e6,2.717662836408e6,2.69740299275648e6,1.1516761077751312,-0.0947414151549202,-3.9523045689384264,-0.009014840697723514,6.285750555379245e8,-0.00876669466345703,-0.0002481460342664832
2024-04-22,6.112055588536592e8,2.5254851016217867e8,4.9282897e7,-3.378252912519453e6,3.12752404604e8,4.180353741499288e6,2.717662836408e6,2.738989553933103e6,1.1382462853744122,-0.1021468979038279,-3.8943176398614052,0.006916012995947796,6.343636940653762e8,0.009166998900017376,-0.00225098590406958
2024-04-23,6.161415974927181e8,2.5249283386196515e8,4.9851308e7,-2.8259526932470715e6,3.16623408324e8,4.186470230087066e6,2.717662836408e6,2.784289494320819e6,1.0972417764967088,-0.0939582796341685,-3.991096766190644,0.008043470383938711,6.418914630276103e8,0.011796788784550927,-0.0037533184006122156
2024-04-24,6.167980626182613e8,2.5212645877178887e8,5.036911e7,-2.980657069527486e6,3.17283150916e8,3.8670713934838553e6,2.717662836408e6,2.814639704786944e6,1.1299946938088457,-0.09707549440287419,-4.028005994221097,0.0010648780452378048,6.41586797841955e8,-0.00047474928195612165,0.0015396273271939265
2024-04-25,6.144442913857424e8,2.5208987995030308e8,4.9576961e7,-3.4287439505606964e6,3.1620619438600004e8,3.8891456948233955e6,2.717662836408e6,2.8566490703669637e6,1.1419161506758548,-0.0906081118688834,-4.312202816507998,-0.003823413144040444,6.391494763567122e8,-0.00380613007802566,-1.72830660147838e-5
2024-04-26,6.173332046102772e8,2.5240877631580666e8,4.9322641e7,-3.2837836955294637e6,3.1888557099e8,4.250929348637982e6,2.717662836408e6,2.8829561158945505e6,1.1445670542320139,-0.10130528037397989,-4.397851763131198,0.0046906499441519145,6.452046969216121e8,0.009429276683317056,-0.0047386267391651415
2024-04-29,6.206704861662432e8,2.5278315990803593e8,4.9905445e7,-3.295985097792894e6,3.212778663560001e8,4.573511845903247e6,2.875946206408e6,2.974409082894662e6,1.1359340926982875,-0.0918251221569131,-4.638122936527628,0.005391404992774795,6.474896858140273e8,0.0035352381858082538,0.0018561668069665416
2024-04-30,6.149487847602005e8,2.5087796155805585e8,5.14337212e7,-4.5542980338554615e6,3.17191400036e8,4.566645657037918e6,2.875946206408e6,2.9810907927954565e6,1.1980889908234447,-0.08815356233350512,-4.600887075152133,-0.009261335489966882,6.372326245636306e8,-0.015968087596704095,0.006706752106737213
2024-05-01,6.126728222754197e8,2.5039114475859255e8,5.124430683e7,-4.73673848117296e6,3.157741091680001e8,4.117341492046208e6,2.875946206408e6,3.002009571170314e6,1.1808935311337379,-0.09061417194315861,-4.330517352932242,-0.003707926089550284,6.351634401777214e8,-0.0032524247241525472,-0.0004555013653977369
2024-05-02,6.168033565065974e8,2.496951959469029e8,5.162619789e7,-3.1166291963055898e6,3.1859859186600006e8,3.474950317164804e6,2.875946206408e6,3.039034766742603e6,1.1498906144053105,-0.09844090540239592,-3.960300318704269,0.006719202604799079,6.411044112980006e8,0.009309979915023803,-0.0025907773102247234
2024-05-03,6.20598787426188e8,2.498070366111038e8,5.227896551e7,-2.755461906915919e6,3.212682472120001e8,3.635534610736799e6,2.875946206408e6,3.0711344960174817e6,1.1548890833469445,-0.1027367578649776,-3.6349249764749927,0.006134534097625988,6.49051094890511e8,0.012319110453766768,-0.006184576356140781
2024-05-06,6.238939319233589e8,2.5087391305811763e8,5.234635341e7,-3.293392964758762e6,3.239670584200001e8,4.834437507120205e6,2.875946206408e6,3.1864146289010094e6,1.1409114830080107,-0.07912795790015242,-4.5752209748551875,0.005295574889981225,6.557537289749287e8,0.010273863060948685,-0.00497828817096746
2024-05-07,6.251639896075808e8,2.5084227569009447e8,5.258197478e7,-3.120023224513653e6,3.2485976236200005e8,4.835742931363349e6,2.875946206408e6,3.2025221880836766e6,1.1149685898883974,-0.07074870686697185,-4.355049877646474,0.002033625663049321,6.5647730879086e8,0.0011028239211583468,0.0009308017418909742
2024-05-08,6.253050005061665e8,2.5082435835940465e8,5.28104409e7,-3.124248589238146e6,3.24794449836e8,4.835742931363349e6,2.875946206408e6,3.20357001429201e6,1.110630352288563,-0.07618857789463379,-4.221820302713437,0.00022553282056136936,6.565407807045383e8,9.668094329384758e-5,0.00012885187726752179
2024-05-09,6.263007205478485e8,2.5130641771366233e8,5.2875221870000005e7,-3.260259831813794e6,3.25379340796e8,5.135794544204199e6,3.1121830264079995e6,3.240925783337745e6,1.1172231558500922,-0.09472252682160032,-4.165570900580193,0.0015911085016604432,6.603237067597588e8,0.005745369394034583,-0.00415426089237414
2024-05-10,6.266583333190651e8,2.5149017028553405e8,5.302273615e7,-3.3593960204689666e6,3.25504822904e8,5.245601115343914e6,3.2239877664079997e6,3.2618843444322287e6,1.1293769791772923,-0.09118813297122781,-4.1849920597882955,0.000570829158100139,6.611742304030467e8,0.0012872116358373376,-0.0007163824777371985
2024-05-13,6.287657849893342e8,2.5165113722106832e8,5.335693436e7,-2.919887933734058e6,3.26677601342e8,5.485718924662157e6,3.2239877664079997e6,3.324125390174206e6,1.1026193379703304,-0.10443216412029237,-3.972665134193241,0.003357357277288031,6.612630910821961e8,0.00013438924906239436,0.0032229680282256368
2024-05-14,6.302992038683404e8,2.5170047169904956e8,5.350596216e7,-2.5632268387092203e6,3.2765599684800005e8,5.485718924662157e6,3.291350566408e6,3.325187016407539e6,1.0930259479524758,-0.09881658071321801,-3.8334681755326074,0.0024358069690499917,6.64297048556014e8,0.004577631268571025,-0.0021418242995210335
2024-05-15,6.328104677585135e8,2.519097828104433e8,5.377518806e7,-2.427908751929992e6,3.2955340564000005e8,5.697692416399979e6,3.3166285664079995e6,3.3361193229964417e6,1.0862872149271554,-0.10436645077031198,-3.666268002158704,0.003976324867771552,6.725230085687083e8,0.01230691265287831,-0.008330587785106758
2024-05-16,6.338694603970479e8,2.527320233315279e8,5.393299557e7,-3.3151317064801943e6,3.3051957320200014e8,6.522345029411701e6,3.3952245414079996e6,3.4000515519048e6,1.0991916410825764,-0.11231486564680603,-4.257083737227442,0.0016720765233984025,6.711393208505237e8,-0.002059577286651404,0.0037316538100498065
2024-05-17,6.346624378974682e8,2.5269741149503368e8,5.379047043e7,-2.798050149565462e6,3.30972606122e8,6.450807624112184e6,3.4714415814079996e6,3.4222386090888125e6,1.1292737400645398,-0.11390510052652522,-4.512064957196073,0.0012502288744613566,6.721040939384323e8,0.001436483132074784,-0.0001862542576134274
2024-05-20,6.35605232622605e8,2.5318231465753835e8,5.3714199519999996e7,-2.935411244933375e6,3.3164412969e8,6.997371470133556e6,3.5295765014079995e6,3.524908400789269e6,1.123565356176756,-0.09543292213473697,-4.587971024064927,0.0014844035160983537,6.728784512853062e8,0.001151475809383129,0.00033292770671522476
2024-05-21,6.377675332689693e8,2.5314166019409883e8,5.421702207e7,-2.6393064131295844e6,3.3304815741800004e8,6.979260293567796e6,3.5295765014079995e6,3.5303004353541504e6,1.1051802789327247,-0.07758856804188932,-4.341016343930502,0.0033961818292702617,6.745287210409395e8,0.002449549942589613,0.0009466318866806489
2024-05-22,6.36447730838574e8,2.531354268011213e8,5.416279689e7,-2.707952562547121e6,3.318574597099999e8,6.993473559362765e6,3.5295765014079995e6,3.5335374940226027e6,1.1275568004703016,-0.08794702140677105,-4.250613749197716,-0.002071554060837144,6.725864804823866e8,-0.002883557252047808,0.000812003191210664
2024-05-23,6.321578085270363e8,2.5327931228265777e8,5.3231044269999996e7,-3.770943117621481e6,3.2941839509199995e8,7.186494216620444e6,3.5295765014079995e6,3.565498683356106e6,1.205544712986514,-0.09301108245240855,-4.293376816371093,-0.006763234954668462,6.676737543636942e8,-0.0073310361576695016,0.0005678012030010393
2024-05-24,6.35038904029908e8,2.5327986329185888e8,5.338016909e7,-3.079745293950861e6,3.31458616942e8,7.206511500873826e6,3.5295765014079995e6,3.5679067318290933e6,1.1996941961520877,-0.08699717037416904,-3.874000684666908,0.004547203190636395,6.720913995556967e8,0.006594679954581295,-0.0020474767639449
2024-05-28,6.34917802736262e8,2.5390699623538467e8,5.322085046e7,-4.1050501371227335e6,3.3189500617800003e8,7.943427313150183e6,3.5295765014079995e6,3.6640488301534876e6,1.2241355168117587,-0.10283104678302488,-4.269345488804911,-0.00019071720062058262,6.725610917169152e8,0.0006986075337245268,-0.0008893247343451094
2024-05-29,6.308819328979644e8,2.5250142576981574e8,5.291571805e7,-3.8695148518513422e6,3.2933430393e8,6.60976251117437e6,3.5295765014079995e6,3.7188217911331863e6,1.1960538116414745,-0.08795872160072635,-4.331776868436742,-0.006376812067184545,6.678514757219931e8,-0.00702714297026219,0.000650330903077645
2024-05-30,6.307717566722798e8,2.5248334899993935e8,5.306977303e7,-3.7325883576596277e6,3.2895122300000006e8,6.60976251117437e6,3.5295765014079995e6,3.7198747628202895e6,1.1556055881479153,-0.08519449743254398,-4.33210161024718,-0.00017465367378832752,6.634211361472548e8,-0.0066558207395637226,0.006481167065775395
2024-05-31,6.351050200581201e8,2.5262331607172266e8,5.369049085e7,-3.584592827602494e6,3.3237580596400005e8,6.798802193668138e6,3.5295765014079995e6,3.753314310566007e6,1.0976737372054335,-0.0757867581907863,-4.0518708706553035,0.006846290873014027,6.694636623294193e8,0.009066901482711387,-0.00222061060969736
2024-06-03,6.356823033096201e8,2.5315191286258307e8,5.377791768e7,-3.45977554296281e6,3.322122483099999e8,7.315342788520245e6,3.5968873414079994e6,3.7957475000482383e6,1.1301186713598106,-0.09993703315630341,-4.26293225365809,0.0009085443025682594,6.700095207870517e8,0.0008150345893120914,9.350971325616797e-5
2024-06-04,6.375059063828193e8,2.5312843124366397e8,5.414724361e7,-3.4007147268446735e6,3.3363094625600004e8,7.343736038997939e6,3.5968873414079994e6,3.8304690374510535e6,1.1111070690655727,-0.0999632699827032,-4.286340373196284,0.0028646264650724618,6.707584893684545e8,0.001117223343090501,0.0017474031219819608
2024-06-05,6.406112432769121e8,2.5319730706242272e8,5.431953178e7,-2.756857445510693e6,3.3585126188000005e8,7.435637132210247e6,3.5968873414079994e6,3.8362917715736344e6,1.1219843918856969,-0.11160209621678875,-4.2650723337675345,0.00485924628310741,6.78730561726436e8,0.011815086740568859,-0.0069558404574614485
2024-06-06,6.405673604411323e8,2.5370378425577202e8,5.43403512e7,-3.257018508639846e6,3.35780243494e8,7.997852713588413e6,3.5968873414079994e6,3.8747438244664674e6,1.1384848525296893,-0.11632831360305698,-4.705073935967769,-6.850385366874434e-5,6.787178673437004e8,-1.870330019926314e-5,-4.98005534694812e-5
2024-06-07,6.396028784008162e8,2.5414433266271716e8,5.449071581e7,-3.6319285259010526e6,3.3459975845400006e8,8.286328515919111e6,3.7716608964079996e6,3.884785977613745e6,1.1632920720105162,-0.12687330034237268,-4.996953497690552,-0.0015068030696809842,6.778927324658839e8,-0.0012164654760695726,-0.00029033759361141165
2024-06-10,6.385457447641318e8,2.5450757923125964e8,5.413410078e7,-3.6882836971277623e6,3.3359234845e8,8.704320457088199e6,3.7895742964079995e6,3.9401856249502385e6,1.1674365274750256,-0.1174809884855656,-4.792583187649637,-0.0016541642475296214,6.799873056172644e8,0.003085066064627995,-0.004739230312157616
2024-06-11,6.403084151433727e8,2.544908850434795e8,5.503533492e7,-3.501127400106817e6,3.3428332258e8,8.709497324930653e6,3.7921693764079995e6,3.9474211611110126e6,1.1693950966366986,-0.12345119547898659,-4.426524639544564,0.00275664192325209,6.816248809901619e8,0.0024053488629824926,0.0003512930602695974
2024-06-12,6.409473034358604e8,2.5401584492758724e8,5.4993835e7,-2.8778733217267506e6,3.348154968299999e8,8.193659214370338e6,3.8663604864079994e6,3.963536112859834e6,1.180105909437558,-0.11071398310245122,-3.7082238727984684,0.0009972846734278562,6.872231037765789e8,0.008179511619747615,-0.0071822269463197586
2024-06-13,6.421375938854713e8,2.5443667678774375e8,5.501911672e7,-3.233706612272557e6,3.359155069900001e8,8.661575738667622e6,3.8663604864079994e6,3.9933253735744846e6,1.209830592276583,-0.11306660283407799,-3.8768372582752333,0.0018553578076492272,6.886067914947636e8,0.002011423344487895,-0.00015606553683866764
2024-06-14,6.430817776902213e8,2.3341686717429098e8,7.604132500999999e7,-2.712016594069773e6,3.3633560209999996e8,8.858173258733992e6,4.523022776408e6,4.0124288859920916e6,1.199580670609003,-0.10243452126515214,-3.6034999905945035,0.0014692962080893324,6.890257061250397e8,0.0006081660296359814,0.0008611301784533509
2024-06-17,6.454150724717278e8,2.3433556393363315e8,7.62979585e7,-3.098303721905199e6,3.3787985376e8,9.86030770686151e6,4.523022776408e6,4.084927674427089e6,1.2167679617000893,-0.12123433541613804,-4.471365118283679,0.0036217354069485452,6.94509679466836e8,0.007927519771683933,-0.004305784364735388
2024-06-18,6.460990372082573e8,2.343166435852182e8,7.582106155e7,-2.7160354169609677e6,3.3867736749000007e8,9.86030770686151e6,4.523022776408e6,4.0864320605689534e6,1.2148491570717064,-0.12277711294623432,-4.183008096785322,0.0010591673685063085,6.962741986670898e8,0.0025374469387422494,-0.0014782795702359408
2024-06-20,6.471453760309788e8,2.3436017524057084e8,7.646319452e7,-2.5194257395919976e6,3.3884143200999993e8,9.931468258217392e6,4.523022776408e6,4.096626538107776e6,1.1783131389092154,-0.1472713583387212,-3.995924366338725,0.0016181613318053678,6.943827356394795e8,-0.002720245586541381,0.004338406918346749
2024-06-21,6.467949003868674e8,2.220184387215679e8,8.860410026e7,-2.4370662947005387e6,3.386094277e8,9.982905182064837e6,4.726971976407999e6,4.1049073034274667e6,1.1285975129041286,-0.1045858272212226,-3.4560341198027733,-0.0005417184379687967,6.912218343383054e8,-0.004562494744696721,0.0040207763067279245
2024-06-24,6.460171888762414e8,2.2031284037426344e8,8.984926581e7,-2.282883448022157e6,3.3813796614000005e8,8.391125846901286e6,4.726971976407999e6,4.201273119843688e6,1.0553316061991052,-0.10042866919170162,-3.365076692302,-0.0012031317016578669,6.889749285940971e8,-0.0032559237777007866,0.0020527920760429197
2024-06-25,6.472021088239099e8,2.2042748033209053e8,8.95979326e7,-2.1810743881806163e6,3.393577702799999e8,8.529999885647839e6,4.726971976407999e6,4.208074990904568e6,1.0928070612463352,-0.11419909892231361,-3.4137558125285548,0.0018325125233822348,6.916280545858458e8,0.0038434354989327346,-0.0020109229755505
2024-06-26,6.469674061508384e8,2.2032661840629327e8,8.934129547e7,-2.306267185454994e6,3.3960575946000004e8,8.462035899901776e6,4.726971976407999e6,4.223508747066818e6,1.1087256962670418,-0.11877973212343906,-3.3863792791722065,-0.0003627077796650724,6.924912726118692e8,0.001247317512266477,-0.0016100252919315494
2024-06-27,6.469815190819279e8,2.207291741012334e8,8.939017185e7,-2.6987139693054925e6,3.395608871e8,8.915851139271857e6,4.726971976407999e6,4.257310440854594e6,1.1417815410419905,-0.11216293823963705,-3.6660653090802944,2.1813737490106178e-5,6.935829895271343e8,0.0015752650068492358,-0.0015534512693591296
2024-06-28,6.456601305992484e8,2.2055434105645305e8,8.951595895e7,-2.8462651472046133e6,3.3843609573999995e8,8.689683846579826e6,4.813276726408e6,4.274822711475616e6,1.1446832414961896,-0.10772808816602095,-3.7071744624879757,-0.0020444783645601206,6.908536972389718e8,-0.0039428250493784844,0.0018983466848183639
2024-07-01,6.467095111109731e8,2.2076034363000095e8,8.97090071e7,-3.040783319027837e6,3.392809436999999e8,8.983030996552136e6,4.813276726408e6,4.344744712947434e6,1.150778250112366,-0.09262353146216183,-3.6263946005399355,0.0016239637770496529,6.922754681053635e8,0.002055876490480557,-0.0004319127134309042
2024-07-02,6.509110859929348e8,2.2074644191638014e8,9.08354713e7,-2.7269682334452895e6,3.4205614100999993e8,8.998581126034785e6,4.813276726408e6,4.356745664481247e6,1.1373516725378936,-0.09256129279491887,-3.2790723851246115,0.006475836734704643,6.969343065693431e8,0.006707202921155897,-0.00023136618645125395
2024-07-03,6.533755843042753e8,2.2083899653319383e8,9.086898313e7,-2.3093721689186147e6,3.4397697681000006e8,8.998581126034785e6,4.925198566635999e6,4.35854862049573e6,1.1424296241367433,-0.08309224207092326,-2.9928567635006886,0.0037790790943610375,7.000444303395748e8,0.004452650318182094,-0.0006735712238210567
2024-07-05,6.545032471012597e8,2.0623299800560847e8,1.04361761e8,-2.073331574348645e6,3.4598181967e8,9.42476087219491e6,4.925198566635999e6,4.40770801312517e6,1.055007817064533,-0.07770646379437965,-2.7891745323779387,0.0017244152123936374,7.040812440495081e8,0.005749948036164909,-0.004025532823771272
2024-07-08,6.554729029737954e8,2.0708491060956687e8,1.04668854e8,-2.7151004057714078e6,3.464342387699999e8,1.0387785750873206e7,4.925198566635999e6,4.508970589113787e6,1.0656644607640675,-0.08324792969206014,-3.9412263520497137,0.0014804178680272173,7.04893684544589e8,0.001153236397090751,0.0003271814709364662
2024-07-09,6.572382192659378e8,2.0710231688585255e8,1.04523708e8,-2.198108199914676e6,3.478103025799999e8,1.0427801409774223e7,4.925198566635999e6,4.513892607680525e6,1.0400793872981653,-0.07611387046775227,-3.773228030934205,0.002689574768428571,7.055791812123137e8,0.0009720097966265939,0.001717564971801977
2024-07-10,6.622051744118518e8,2.0739904857345575e8,1.05702601e8,-1.874280001603982e6,3.5097780484e8,1.0427801409774223e7,5.241762527635999e6,4.515989881509891e6,1.0163179390350388,-0.07393019917920128,-3.356430193939722,0.007528899886224849,7.125610917169154e8,0.00984665205498203,-0.002317752168757181
2024-07-11,6.564260733054088e8,2.0695737480230442e8,1.05719391e8,-3.2646973368956237e6,3.4701400484000003e8,1.006954416828967e7,5.241762527635999e6,4.581537382660812e6,1.0406805407484214,-0.0862945675067209,-3.722616842092328,-0.008765358955091784,7.064170104728658e8,-0.008659921717018904,-0.00010543723807288075
2024-07-12,6.591381375784671e8,2.0704153107013446e8,1.06157271e8,-3.061153321667295e6,3.4900048883e8,1.018181750376973e7,5.241762527635999e6,4.591941365793096e6,1.0188700832011108,-0.08304303741091044,-3.507338533246784,0.0041230493998014595,7.108727388130753e8,0.006287695260979831,-0.0021646458611783714
2024-07-15,6.605130328306429e8,2.0750938642310748e8,1.06516292e8,-3.0909264024645756e6,3.4957828081000006e8,1.0714513546947494e7,5.241762527635999e6,4.638995788793451e6,1.0222077606821562,-0.08826430804208268,-3.687781149814919,0.0020837260337849273,7.128276737543637e8,0.002746274641367563,-0.0006625486075826359
2024-07-16,6.623954203581232e8,2.0773337417993644e8,1.07115053e8,-3.610479471813195e6,3.5115747265e8,1.0980549475124206e7,5.241762527635999e6,4.663220592588587e6,0.995949368642635,-0.08303247198460255,-3.719471106697828,0.0028458338040877607,7.170549032053317e8,0.005912711763134126,-0.0030668779590463657
2024-07-17,6.5695688521098e8,2.0594540592367217e8,1.0652634e8,-4.6627667026922e6,3.4914790598999995e8,9.313299110953674e6,5.241762527635999e6,4.766064322545622e6,1.0403787310911583,-0.06197661733236155,-4.20400986754523,-0.008244296732886625,7.070009520787053e8,-0.014120398634510423,0.005876101901623798
2024-07-18,6.543092226863945e8,2.0545496071967873e8,1.05684322e8,-4.270801203284254e6,3.4744074117e8,8.867563947997617e6,5.241762527635999e6,4.793046955569362e6,1.0439562556772866,-0.05630770514173688,-4.608603238001366,-0.004038335326210785,7.015677562678515e8,-0.0077145299686876,0.0036761946424768155
2024-07-19,6.491746589982679e8,2.054859986042531e8,1.04938509e8,-5.1579319659853205e6,3.4390808336e8,8.867563947997617e6,5.292538488635998e6,4.795129068843172e6,1.0733749868091405,-0.06293131718929441,-4.598217215650971,-0.007878256597507516,6.969089178038719e8,-0.006662757820812715,-0.0012154987766948011
2024-07-22,6.531055856653839e8,2.0466648969052392e8,1.05093433e8,-3.166123135139821e6,3.465117861099999e8,8.139277077048418e6,5.292538488635998e6,4.868833700189857e6,1.052997915374964,-0.06721726384932711,-4.13147703775598,0.00603700873437063,7.040939384322437e8,0.01025705777728092,-0.00422004904291029
2024-07-23,6.498926108128753e8,2.0431068739525267e8,1.04517422e8,-3.2503290623774775e6,3.4431483048e8,7.818475405537437e6,5.292538488635998e6,4.886210839892502e6,1.0824767690381096,-0.05676608070094123,-3.974057260883966,-0.004931674308064515,7.029895271342431e8,-0.0015697882205572,-0.0033618860875073153
2024-07-24,6.412158556528008e8,2.011662117997823e8,1.0710162478e8,-6.422225846981406e6,3.393702449199999e8,7.818475405537437e6,5.292538488635998e6,4.888273870626629e6,1.0836060134019898,-0.04757619971619332,-3.8421297953593663,-0.013440986584296155,6.870580768010156e8,-0.022923168831290752,0.009482182246994597
2024-07-25,6.389063329883184e8,1.9412442127906874e8,1.0976812336e8,-3.5779118907504403e6,3.3859170024000007e8,4.094771085237285e6,5.292538488635998e6,5.064131980966837e6,1.057808982058604,-0.05508507353632316,-3.3354605549207013,-0.0036082886317529983,6.834782608695652e8,-0.005223975423525928,0.00161568679177293
2024-07-26,6.413676208220149e8,1.935208908499976e8,1.1053428402e8,-2.9405839579827473e6,3.402530299100001e8,3.5446230672059064e6,5.292538488635998e6,5.100274062386349e6,1.0426891799612636,-0.060998411412068285,-3.102241886734874,0.003844944058407407,6.91132973659156e8,0.011137391754576953,-0.007292447696169546
2024-07-29,6.425323652352744e8,1.9405282594539782e8,1.106105415e8,-3.3213974301234647e6,3.411903952200001e8,4.18580203138908e6,5.292538488635998e6,5.192211185845603e6,1.041900682621158,-0.045894407607578576,-3.537843930987618,0.001814385459049106,6.915391939066963e8,0.0005875872368861224,0.0012267982221629836
2024-07-30,6.392430112098056e8,1.9406118251757157e8,1.1086538712e8,-4.588057687765971e6,3.3890449926e8,4.217460288559651e6,5.292538488635998e6,5.198174695907508e6,1.0494312738682017,-0.04348184628520098,-3.4481793599371438,-0.005132508092710708,6.880355442716599e8,-0.0050793292611110985,-5.3178831599609566e-5
2024-07-31,6.46202521290601e8,1.9411559721953475e8,1.1172763303999999e8,-3.25851731893368e6,3.4361780835e8,4.227788303226963e6,5.361929208635999e6,5.206229314023381e6,1.045344514824191,-0.04296903207802567,-3.1322152318878564,0.010828273786465559,6.992192954617581e8,0.016123920660358948,-0.005295646873893389
2024-08-01,6.408387795220649e8,1.93303429365462e8,1.1056872792e8,-3.8880139133970374e6,3.408546361499999e8,3.3023097576993736e6,5.539686858635999e6,5.253239061676609e6,1.0494320618484632,-0.04370261823419427,-3.23636191445199,-0.008335043821869448,6.893176769279594e8,-0.014262186129386123,0.005927142307516675
2024-08-02,6.366390923698415e8,1.7470432658520842e8,1.2752737e8,-4.458113905367021e6,3.3886550969e8,1.6574479044073666e6,5.539686858635999e6,5.32871351363523e6,1.0478311250519268,-0.04417938567957824,-3.1245732328047433,-0.006574990258798152,6.764836559822278e8,-0.018793946667884143,0.01221895640908599
2024-08-05,6.212700095969743e8,1.6877041708249685e8,1.2790151112e8,-4.354581925522645e6,3.2895266332e8,-954550.079336595,5.539686858635999e6,5.515857022491353e6,1.1282019996280175,-0.06734734791401573,-3.192164062869917,-0.024437135521829134,6.567819739765154e8,-0.029556175110446503,0.005119039588617369
2024-08-06,6.239059568131106e8,1.6875111720987874e8,1.277863669e8,-3.635013916768133e6,3.3100348661999995e8,-954550.079336595,5.539686858635999e6,5.51839246627905e6,1.1062838060634541,-0.07155277255551268,-2.9646509925245477,0.004233861277146644,6.628371945414155e8,0.009177288733269506,-0.004943427456122862
2024-08-07,6.237348214204041e8,1.6867342516324925e8,1.2876021095e8,-3.9215565328451903e6,3.302227418399999e8,-1.0037068561402194e6,5.539686858635999e6,5.537903678540029e6,1.0805700179174091,-0.09044218458699481,-3.172185068210013,-0.00027433440260438147,6.584068549666772e8,-0.0067063404083747,0.006432006005770319
2024-08-08,6.329310394730623e8,1.689608452448266e8,1.3143376443e8,-3.49365262176434e6,3.3603008241999996e8,-676218.0689162312,5.602043278635999e6,5.623497864561032e6,1.0630734691019148,-0.07869956373280965,-3.1456010992764014,0.014636161455399588,6.73627419866709e8,0.022854107690648107,-0.008217946235248519
2024-08-09,6.339223597180248e8,1.6901871233333486e8,1.3139027750000001e8,-3.05691274530992e6,3.3657028263e8,-676218.0689162312,5.679596408635998e6,5.626104814511428e6,1.0550596638933858,-0.05457513265480685,-2.9761397562682843,0.0015650120967904968,6.765979054268486e8,0.004399992055930113,-0.0028349799591396163
2024-08-12,6.345100063167578e8,1.6943040777027103e8,1.3184371467e8,-3.378319553513198e6,3.3661420342999995e8,-233425.2779207252,5.791401148635998e6,5.751901067118063e6,1.0608665317420818,-0.06402281887563328,-2.9435176805057623,0.0009265715011856912,6.769533481434466e8,0.000525200244663182,0.00040137125652250916
2024-08-13,6.421491817864782e8,1.6936637433804354e8,1.3341005541999999e8,-2.524059011565417e6,3.418968110400001e8,-269058.18753295665,5.791401148635998e6,5.763179891150138e6,1.0170974326400177,-0.06592339632439799,-2.697239610962901,0.011967589653195887,6.880863218026023e8,0.01631193694608868,-0.004344347292892792
2024-08-14,6.440420339530537e8,1.6945729201517558e8,1.3382726663e8,-2.2986390421219417e6,3.4305611434999996e8,-287134.77242751984,5.926076948635999e6,5.771533594059463e6,1.0044219083351227,-0.06372148310353425,-2.3770240540157994,0.0029433470077222523,6.902570612503967e8,0.0031497829483804196,-0.00020643594065816728
2024-08-15,6.48314670253674e8,1.7023344933773443e8,1.3476947356e8,-2.937162034060444e6,3.4624890939000005e8,549153.4293263042,5.951354948636e6,5.839563561227114e6,1.0402338435016205,-0.06527322109931895,-2.5894581789510003,0.00661218664119545,7.020882259600128e8,0.016994993387061896,-0.010382806745866446
2024-08-16,6.512824127779403e8,1.6281046081662858e8,1.4309339320999998e8,-2.648204768688327e6,3.4802676352000004e8,604900.4107354165,6.031484503636e6,5.848145733651475e6,1.012095729654994,-0.07761292220356904,-2.435376094663408,0.004567181200584969,7.036623294192319e8,0.0022395212452153146,0.002327659955369654
2024-08-19,6.578574949370159e8,1.6428127913992012e8,1.4472710047e8,-3.6100856529042297e6,3.5245920098e8,2.0837842065596075e6,6.183877543636e6,5.99102995885521e6,1.025792987852738,-0.06113937996027568,-3.4455079512241302,0.010044972896370297,7.103903522691209e8,0.009516015503567843,0.0005289573928024538
2024-08-20,6.577478158795592e8,1.6426065294119397e8,1.4487422268e8,-3.5318368616348077e6,3.5214477711999995e8,2.0837842065596075e6,6.183877543636e6,5.993904447400449e6,1.025842448232066,-0.053279393856487264,-3.372332625544569,-0.00016673550465284848,7.092351634401778e8,-0.001627456073634903,0.0014607205689820546
2024-08-21,6.59885579531981e8,1.642400227799032e8,1.4522309945999998e8,-3.1089775579223745e6,3.535314348500001e8,2.0837842065596075e6,6.183877543636e6,5.996785858104021e6,1.0086347684020611,-0.056199014775879186,-3.0908751929831353,0.0032448563243647754,7.116724849254205e8,0.0034306576905720476,-0.00018580136620727217
2024-08-22,6.540674312866602e8,1.6427584321766075e8,1.4381619839e8,-3.6206782910005837e6,3.4959606796999997e8,2.148333908219767e6,6.183877543636e6,6.007708685733509e6,1.0271139957935451,-0.06259221113465839,-3.129949508889265,-0.00885600356059868,7.060869565217392e8,-0.007879414713908517,-0.0009765888466901629
2024-08-23,6.592558281969013e8,1.6405171779979765e8,1.4483903394e8,-2.930886542896518e6,3.532959630000001e8,2.02143164527665e6,6.183877543636e6,6.087282402031496e6,1.0117231825840778,-0.06064205741842536,-2.8457402773279505,0.007901213756820624,7.13589336718502e8,0.010569240428313975,-0.002668026671493351
2024-08-26,6.58396883141526e8,1.6404105419404122e8,1.448938832e8,-3.1703876325152405e6,3.5263233338e8,2.1257504343888187e6,6.183877543636e6,6.191865253917036e6,1.02593092340243,-0.08346160913792113,-3.068341944651659,-0.001303750479394239,7.118882894319264e8,-0.0023866359777322543,0.0010828854983380154
2024-08-27,6.583816062442899e8,1.6412762375162083e8,1.4524223305e8,-3.291082207331082e6,3.523028316500001e8,2.1775482035278785e6,6.242012463636e6,6.197462120375816e6,1.031826958085584,-0.10026100966270406,-3.14226394574398,-2.320344288975207e-5,7.128657569025706e8,0.001372121211399957,-0.001395324654289709
2024-08-28,6.560784737836401e8,1.6419872896004725e8,1.4449914410999998e8,-3.4213539064070974e6,3.5080195462e8,2.280369620631136e6,6.242012463636e6,6.211412476185764e6,1.0235684587795482,-0.0670454661318211,-3.0627920220888982,-0.0035043054597778678,7.087273881307521e8,-0.005822172787436131,0.002317867327658263
2024-08-29,6.536551078643358e8,1.6430270523382947e8,1.4478191701999998e8,-4.197699709493586e6,3.4876818531999993e8,2.4554163680467736e6,6.242012463636e6,6.264779244971002e6,1.0513925153637806,-0.08988953210120526,-3.4731193249784265,-0.0037005521103559147,7.087908600444304e8,8.955357548856568e-5,-0.0037901056858444804
2024-08-30,6.592919647704301e8,1.6455230853325212e8,1.4585278074e8,-3.760193982822133e6,3.526470694800001e8,2.7544140329066124e6,6.242012463636e6,6.296535297973721e6,1.0227206993444062,-0.07255518696826281,-3.526231298883236,0.00858662417912015,7.155569660425261e8,0.009500708701125404,-0.000914084522005254
2024-09-03,6.505447019874623e8,1.6246350091683564e8,1.4360182586e8,-3.686776889373398e6,3.481661521e8,889922.7077040639,6.242012463636e6,6.503061171090685e6,0.979607867232038,-0.06257515822766661,-2.6827681574435895,-0.013356463509783367,7.008314820691844e8,-0.02079375128058203,0.007437287770798662
2024-09-04,6.520101826750642e8,1.6176288912746316e8,1.4468271714e8,-3.564598402398899e6,3.4912917481e8,246046.92112670589,6.242012463636e6,6.5422427930385405e6,1.0315463745346065,-0.07107631874258598,-2.4994656899972068,0.0022501643856998044,6.993970168200572e8,-0.0020489023785579263,0.004299066764257731
2024-09-05,6.531306232470883e8,1.6181068835374254e8,1.4443269908e8,-2.9424176266542496e6,3.4982965344e8,246046.92112670589,6.310271343635999e6,6.545108521194891e6,1.033807199814193,-0.07430591033708213,-2.1809854412754177,0.0017169654679278779,6.976959695334815e8,-0.0024351251402308094,0.004152090608158687
2024-09-06,6.446522440181515e8,1.347679240368924e8,1.6857193888e8,-3.066126698740942e6,3.443785078000001e8,296569.07219129393,6.502494648635998e6,6.561438888573743e6,1.0356883178800667,-0.06692529113092589,-2.102763239115309,-0.01306613003481516,6.859536655030149e8,-0.016973351692076477,0.003907221657261317
2024-09-09,6.510866865791181e8,1.3553895229648012e8,1.698217555e8,-3.0115260673619853e6,3.4873750485e8,1.10690395541337e6,6.620699798635998e6,6.705050484194917e6,1.0267080936792718,-0.06477081380351507,-3.044173948947922,0.009931777613786608,6.936337670580767e8,0.011134025598170894,-0.001202247984384286
2024-09-10,6.538355902253739e8,1.32393021760179e8,1.7325474576999998e8,-2.4725612048050934e6,3.5066038390000004e8,1.10690395541337e6,6.620699798635998e6,6.708426074667731e6,1.0212970013103346,-0.05434760714934638,-2.8291559606973395,0.004213136309068943,6.96655030149159e8,0.004346244971664248,-0.00013310866259530485
2024-09-11,6.569316957774576e8,1.3237192548218422e8,1.7403600823000002e8,-2.1455808047267706e6,3.5266934287e8,1.10690395541337e6,6.620699798635998e6,6.71187917006912e6,1.051721870815204,-0.046765451837524015,-2.528001484344735,0.004724120510495311,7.03801967629324e8,0.010206667589763185,-0.005482547079267874
2024-09-12,6.597543564757862e8,1.3311078610068962e8,1.7476861161e8,-2.856914504903398e6,3.5473187327e8,1.8637689161096895e6,6.697485988635997e6,6.788942973961323e6,1.055830244165279,-0.06439954094551362,-2.8098706618852405,0.0042875293127835334,7.097302443668678e8,0.008387939723533577,-0.004100410410750044
2024-09-13,6.643434609705654e8,1.414816839046223e8,1.6799242913e8,-2.1812734040569556e6,3.5705062134000003e8,1.900125710279245e6,7.298679208635999e6,6.793408024748087e6,1.024764100249438,-0.05550552291501818,-2.578671845052767,0.00693169765743562,7.134370041256744e8,0.005209181345080083,0.0017225163123555376
2024-09-16,6.649787687856963e8,1.4253126276686174e8,1.6787792094e8,-2.719822111165483e6,3.572894071900001e8,2.687391515896667e6,7.666567708635999e6,6.888446639814191e6,1.0461257689542993,-0.08021770713447994,-3.050738462250815,0.0009558372669609128,7.144906378927325e8,0.001475752590362589,-0.0005199153234016762
2024-09-17,6.646517224565537e8,1.4267413722940806e8,1.6819011426e8,-2.701002772854294e6,3.5648847374e8,2.8628674738075244e6,7.666567708635999e6,6.903104263640088e6,1.0545461403770366,-0.1065803010380537,-3.2726168094335257,-0.0004919356736934333,7.147826086956522e8,0.00040855841621478817,-0.0009004940899082214
2024-09-18,6.6143983261074e8,1.4270462178969216e8,1.6729042397e8,-2.936565108952249e6,3.5438135196e8,2.9183646983039663e6,7.666567708635999e6,6.910181881373408e6,1.066390164408665,-0.10329389840666268,-3.3849622160033728,-0.004844154409013868,7.126626467788004e8,-0.002970290408487841,-0.0018738640005260265
2024-09-19,6.674723374750962e8,1.4302202360214642e8,1.6978883807e8,-3.37269929705026e6,3.580341751000001e8,3.317564929990782e6,7.666567708635999e6,6.974131924170424e6,1.1014017036652544,-0.1063752295954431,-3.521812616331671,0.009078924005358147,7.24823865439543e8,0.016920518845093824,-0.007841594839735677
2024-09-20,6.672559296726539e8,1.43074346589013e8,1.6942998495e8,-3.1036837163588754e6,3.5785528184999985e8,3.396138735661239e6,7.666567708635999e6,6.982371584661439e6,1.084829843893535,-0.08643862927040888,-3.574632871581888,-0.0003242724525520657,7.213582989527135e8,-0.004792720040221354,0.004468447587669289
2024-09-23,6.694924194486161e8,1.4317011241949e8,1.697709768e8,-2.876622210874e6,3.5942795244000006e8,3.5892168200952765e6,7.666567708635999e6,7.061678519881247e6,1.0718798794891766,-0.09293948151521722,-3.242476702086627,0.003346167383313059,7.231609013011742e8,0.002495783072781421,0.0008503843105316378
2024-09-24,6.718671243211643e8,1.4316319486178368e8,1.7021778151e8,-2.4903019706194624e6,3.6097644992e8,3.6075060677849874e6,7.666567708635999e6,7.068819656815968e6,1.0682113114789837,-0.08392459796153837,-3.170710495489828,0.0035407469451840257,7.252300856870835e8,0.0028572199249801145,0.0006835270202039112
2024-09-25,6.718726871170349e8,1.4314169288215995e8,1.6996048396e8,-2.235080135124897e6,3.610055904099999e8,3.6075060677849874e6,7.666567708635999e6,7.072191888640571e6,1.0815173238937505,-0.09094393636766408,-2.9939237132107936,8.279572909941635e-6,7.236305934623929e8,-0.0022079319254046936,0.0022162114983146353
2024-09-26,6.719308356468866e8,1.436220433407413e8,1.6984810207e8,-2.6581193138546483e6,3.6111880954999995e8,3.9290664228886804e6,7.878361108635999e6,7.107065287256582e6,1.080463906553552,-0.09835143591924635,-3.0886510197668673,8.654320204470878e-5,7.264995239606473e8,0.003956795610044139,-0.0038702524079994305
2024-09-27,6.721900085039749e8,1.424000969814745e8,1.710824487e8,-2.5013557174994685e6,3.6120881854e8,4.0312897887810497e6,7.878361108635999e6,7.11748609940728e6,1.0581129113135335,-0.08756103718005606,-3.0682459830948274,0.00038563922496592795,7.254458901935894e8,-0.0014513409963399226,0.0018369802213058506
2024-09-30,6.738857374935299e8,1.428279521057423e8,1.7178458764e8,-2.6905162822123826e6,3.6196371403e8,4.449850582369758e6,7.973804008636e6,7.188415108181212e6,1.063279531396118,-0.09585033799026163,-3.2913707653441713,0.002519516292647239,7.283529038400508e8,0.003999201998052371,-0.0014796857054051316
2024-10-01,6.708022509762452e8,1.3980242744548625e8,1.7386498485999998e8,-3.0738069692409635e6,3.602086456399999e8,4.589930867663015e6,7.973804008636e6,7.210858875417224e6,1.0701044121654721,-0.09268128615175665,-3.186614740306935,-0.004586181996597105,7.218279911139321e8,-0.008998817706608264,0.004412635710011159
2024-10-02,6.686426943484637e8,1.3983078720705813e8,1.7318022294e8,-3.1091860285945567e6,3.587408702300001e8,4.589930867663015e6,8.023700898864e6,7.214294990951749e6,1.1012306196945094,-0.07620197420564924,-2.9732805098492365,-0.0032245573161233665,7.221326562995875e8,0.0004219854477618412,-0.0036465427638852077
2024-10-03,6.675993251291689e8,1.392980307157743e8,1.7321595999e8,-2.96751324660545e6,3.5805284766999996e8,4.07910240530338e6,8.085725848864e6,7.2802052305046255e6,1.0830377933057256,-0.09349749613309745,-3.051031533950009,-0.0015616473904103145,7.208124404950811e8,-0.0018298910690823789,0.00026824367867206433
2024-10-04,6.730972278609424e8,1.4882470103248814e8,1.6568144482e8,-2.430160891545802e6,3.610212428999999e8,4.197271869594233e6,8.085725848864e6,7.290828586073688e6,1.1070159332599727,-0.0971000657507799,-3.106825376605549,0.008201607646622477,7.27362741986671e8,0.009046345002779788,-0.0008447373561573102
2024-10-07,6.667666436090835e8,1.487422036069501e8,1.6398866077e8,-3.2174356778666098e6,3.5725321491e8,4.182928183023425e6,8.085725848864e6,7.340819383971683e6,1.1419034411130424,-0.10958249777497556,-3.318156656616568,-0.009449663498880767,7.207870517296096e8,-0.009081568052746292,-0.0003680954461344754
2024-10-08,6.718836666669279e8,1.4876482225191665e8,1.6502989488e8,-2.57687689498861e6,3.6066582643e8,4.229237097582346e6,8.085725848864e6,7.346517537784073e6,1.1217344570520602,-0.10243735202909339,-3.155203836862128,0.007645085414118569,7.27603935258648e8,0.009413112792511669,-0.0017680273783931
2024-10-09,6.741560476619073e8,1.4874340588957167e8,1.6562287552e8,-2.322495037664299e6,3.621122612899999e8,4.229237097582346e6,8.085725848864e6,7.349803705949152e6,1.0965790867086538,-0.10283755981208495,-2.9684366533306883,0.0033763983774974804,7.326436052046969e8,0.00690251456119384,-0.0035261161836963595
2024-10-10,6.722169411661624e8,1.4949967371879676e8,1.649478411e8,-3.3386968226343077e6,3.611081231699999e8,4.718398133861244e6,8.404797522864003e6,7.383577074605692e6,1.1663037206085918,-0.11396441648873705,-3.0356136981733455,-0.002880491294170895,7.313614725483973e8,-0.001751541717400329,-0.001128949576770566
2024-10-11,6.725759961638987e8,1.3414273729789922e8,1.7962329118e8,-2.6601695040004253e6,3.6147013719e8,4.868077687100198e6,8.404797522864003e6,7.394888461440927e6,1.1376348641004403,-0.11907940544035199,-3.126655903543863,0.0005339929981786895,7.35741034592193e8,0.005970373619739178,-0.005436380621560488
2024-10-14,6.754239869907004e8,1.3466707271959084e8,1.7980493171e8,-2.7735901488904823e6,3.6372557271000004e8,5.4710547061511455e6,8.404797522864003e6,7.455381182713419e6,1.1293153052827107,-0.14534798999804985,-3.1002383465000576,0.004225512017733024,7.417581720088861e8,0.008145074671631392,-0.0039195626538983674
2024-10-15,6.724684170208645e8,1.3457844458543256e8,1.7814072628e8,-2.600698204568161e6,3.6234994436e8,5.416917179134854e6,8.404797522864003e6,7.471646063222254e6,1.052269870933398,-0.0764545584426918,-2.8228843742445653,-0.004385475721843335,7.359949222469057e8,-0.007800056727276683,0.003414581005433348
2024-10-16,6.745768122981312e8,1.346592428006108e8,1.7772224517000002e8,-2.051161522479692e6,3.6424648585e8,5.529616394189416e6,8.404797522864003e6,7.48540108994087e6,1.0309843261546643,-0.07918972779053729,-2.7604749921086396,0.0031304026815597297,7.391939066962869e8,0.004337057603802208,-0.0012066549222424783
2024-10-17,6.738155052317669e8,1.34696711583496e8,1.769868366e8,-1.8373756417291742e6,3.6396933269000006e8,5.593767087021537e6,8.404797522864003e6,7.493880133524206e6,1.0380988868915308,-0.09023697200044387,-2.58224472046056,-0.0011292071860147246,7.392573786099651e8,8.586270558907927e-5,-0.0012150698916038039
2024-10-18,6.793853596899713e8,1.3461681955912945e8,1.7936811692e8,-1.5780918291582307e6,3.6697851504e8,5.519235971793905e6,8.455573483864002e6,7.531834680506133e6,1.0087536247281128,-0.06655278250907354,-2.3817135916961325,0.008232164281924526,7.421009203427484e8,0.003839105268870213,0.004393059013054312
2024-10-21,6.785449793703742e8,1.3535516654870743e8,1.7890147388e8,-2.113340908333135e6,3.6640167984999996e8,6.345779490834641e6,8.455573483864002e6,7.601698589151861e6,1.06327927693607,-0.06928198462383858,-3.0922879804550307,-0.001237737169148545,7.40882259600127e8,-0.0016435264181318132,0.0004057892489832682
2024-10-22,6.786031724615023e8,1.3539806494895092e8,1.7933247225e8,-2.8487415674486584e6,3.6672137683e8,6.418986590030382e6,8.455573483864002e6,7.613697344216356e6,1.0340569035944516,-0.06043634397103953,-3.0921941110544493,8.57579050403956e-5,7.404887337353222e8,-0.0005312995540371901,0.0006170574590775857
2024-10-23,6.737152522941643e8,1.3232309369451965e8,1.8020904189e8,-3.0807210703553217e6,3.6426383778000003e8,6.498542725113737e6,8.455573483864002e6,7.625068319553457e6,1.044581980493311,-0.050477002264346454,-2.9756192974346765,-0.0072289800449070185,7.337226277372264e8,-0.009179353360714515,0.0019503733158074965
2024-10-24,6.791748635525632e8,1.3103634855654636e8,1.8405974625e8,-2.0003606439831723e6,3.6607912939e8,5.268893781121693e6,8.455573483864002e6,7.663984895615662e6,1.0516792631010987,-0.055960702318494024,-2.8913512014599205,0.008071078104649132,7.353094255791812e8,0.002160331975751717,0.005910746128897415
2024-10-25,6.779892010210558e8,1.3066806342581256e8,1.8487970369e8,-2.172121714756717e6,3.6461355562e8,4.933090191056526e6,8.455573483864002e6,7.678139495521762e6,1.0824423549165607,-0.058928456432997794,-2.8634783806557036,-0.0017472652925363263,7.350555379244684e8,-0.00034533964496930025,-0.001401925647567026
2024-10-28,6.786492896776768e8,1.2787934231140932e8,1.87875969e8,-2.2218857137326337e6,3.651158640800001e8,5.332506040489294e6,8.455573483864002e6,7.733671102663549e6,1.0924598557929515,-0.07362535691847132,-3.021478157956317,0.0009731239578378847,7.37327832434148e8,0.0030865552537520102,-0.0021134312959141255
2024-10-29,6.786541833016198e8,1.2802616719591145e8,1.8854834757999998e8,-2.7819561642917665e6,3.6486162469000006e8,5.516521593007316e6,8.455573483864002e6,7.752549012069127e6,1.1100842310914085,-0.07331920037419963,-3.0511327319512076,7.2108029485207226e-6,7.38521104411298e8,0.0016170655510663323,-0.0016098547481178116
2024-10-30,6.73932801909953e8,1.2792629389173628e8,1.864077e8,-3.107351391783387e6,3.6270615941e8,5.46242205309205e6,8.455573483864002e6,7.780009885668516e6,1.1133298291373643,-0.07848254218326385,-3.3667491929004267,-0.0069812893652247965,7.362868930498254e8,-0.0030298358491052113,-0.003951453516119585
2024-10-31,6.667188124664254e8,1.282656462125341e8,1.8437619595999998e8,-4.833709586108638e6,3.5891067987999994e8,5.606485624098628e6,8.702721853864e6,7.81368401757174e6,1.121054302958067,-0.06938799429112259,-3.363402234721729,-0.010762018996864242,7.218533798794034e8,-0.019797799804859295,0.009035780807995053
2024-11-01,6.653011515317159e8,1.2684607869922844e8,1.834424696e8,-3.4365969975125412e6,3.584492002300001e8,4.266692584195999e6,8.702721853864e6,7.8754676658764575e6,1.1245290555319243,-0.06287817940311147,-3.5447024616695297,-0.0021285889225381993,7.249000317359568e8,0.004211714775564701,-0.0063403036981029
2024-11-04,6.636486803413755e8,1.2653454570436046e8,1.8287240224e8,-2.9752455529850884e6,3.572169779500001e8,4.0280688328847582e6,8.702721853864e6,7.930424338677556e6,1.1252843040204124,-0.0875399038831085,-3.2870463043821103,-0.002486884007751655,7.233386226594732e8,-0.002156287814493396,-0.00033059619325825906
2024-11-05,6.701426342822783e8,1.2647521242814738e8,1.8479493984e8,-2.3520926958690705e6,3.6122457471000004e8,4.005065419348679e6,8.702721853864e6,7.948846221091362e6,1.0933769091048637,-0.07826611879989859,-2.9300388117235805,0.009737663131868857,7.320850523643289e8,0.01201922869401173,-0.002281565562142873
2024-11-06,6.793067115474008e8,1.2602050614438519e8,1.8851360082e8,-1.8214509169843574e6,3.665940555e8,3.6024823085641684e6,8.702721853864e6,7.982886180128059e6,1.0882522770697856,-0.08710694512819497,-2.3090001967169336,0.013582159525512338,7.502887972072358e8,0.024561496389505777,-0.010979336863993439
2024-11-07,6.815781322894312e8,1.2661756292100652e8,1.899668108e8,-2.818298406575329e6,3.6781205697499996e8,4.197516144602878e6,8.765078273864e6,8.02488916097986e6,1.1448847842438847,-0.08676761601371515,-2.544530176015995,0.0033381558499598896,7.56090130117423e8,0.007702393449839917,-0.004364237599880028
2024-11-08,6.853920583191276e8,1.2662423153259082e8,1.9177247168e8,-2.5854755934631815e6,3.695808306999999e8,4.129347300212471e6,8.876883013864e6,8.043464654133831e6,1.115376183015053,-0.09241357001771722,-2.5996885067720243,0.005580130353024515,7.593652808632181e8,0.00432233877828736,0.0012577915747371549
2024-11-11,6.877975897741406e8,1.2694759927758132e8,1.937160557e8,-2.939406393440727e6,3.7007334118999994e8,4.590917791336783e6,8.876883013864e6,8.163172693932092e6,1.1008727001938445,-0.0914749159573781,-3.329598458070893,0.0035035712933222385,7.600888606791495e8,0.0009524208080335939,0.0025511504852886446
2024-11-12,6.853751637732592e8,1.270027874512382e8,1.917890776e8,-2.7171444179789373e6,3.6930044313999987e8,4.590917791336783e6,8.954436143864e6,8.166978032773361e6,1.1085851409089316,-0.06882646419506175,-3.1810878223348835,-0.0035282210596676578,7.577277054903206e8,-0.0031112548724294697,-0.000416966187238188
2024-11-13,6.862573785026071e8,1.2392292706907962e8,1.9525131496e8,-2.5608440364726093e6,3.6964398051000005e8,4.590917791336783e6,9.021798943864e6,8.170790064480902e6,1.1001958971954058,-0.09040659164769432,-3.0458720704936866,0.0012863720038858162,7.580958425896542e8,0.00048572554112524813,0.0008006464627605681
2024-11-14,6.834044382274554e8,1.2398211062656347e8,1.9408593956e8,-2.837345209108138e6,3.6817373325000006e8,4.688135479990162e6,9.021798943864e6,8.190306139405135e6,1.1223502305803341,-0.08751415106219372,-2.995396501590452,-0.004165910688787022,7.532211996191685e8,-0.006450876604581879,0.0022849659157948565
2024-11-15,6.773050213064923e8,1.1364774820817778e8,2.0222591498000002e8,-3.4155499716854086e6,3.6484690809e8,4.725298776851135e6,9.101928498863999e6,8.214446937509207e6,1.0832509802579693,-0.053128320625805414,-2.7643842139523214,-0.008965114089093618,7.435734687400825e8,-0.012891366723245312,0.0039262526341516946
2024-11-18,6.842885415222821e8,1.1186161549133135e8,2.0784787614000002e8,-3.2890476490492905e6,3.678680975400001e8,4.801853729110232e6,9.178145538864e6,8.271800561912811e6,1.0674796934295439,-0.08432718434748428,-2.915501044503589,0.010257953097642769,7.466201205966359e8,0.00408894001854776,0.006169013079095009
2024-11-19,6.881634294668834e8,1.1191100600616325e8,2.0868275024e8,-2.840756039279745e6,3.7041042925999993e8,4.879308693920175e6,9.178145538864e6,8.281400082992669e6,1.0740320301011055,-0.08096228231470039,-2.6714836281648426,0.005646679552217648,7.493494128847984e8,0.0036488648401906687,0.0019978147120269796
2024-11-20,6.889079870204456e8,1.1197998895027179e8,2.0899832722e8,-2.9620969198262566e6,3.7089176777000004e8,4.978047914135604e6,9.178145538864e6,8.292586869733002e6,1.056448690409596,-0.09182619319835456,-2.773427468101452,0.001081363852595274,7.496033005395113e8,0.00033875339077482636,0.0007426104618204477
2024-11-21,6.901166737465266e8,1.1239460620851599e8,2.089175527e8,-3.2740377819893733e6,3.7207855261999995e8,5.385725370927665e6,9.234090858864e6,8.323002807678713e6,1.0308511856906437,-0.06970085828748587,-2.798064231907323,0.0017529592761889035,7.53627419866709e8,0.005353973791503819,-0.0036010145153149153
2024-11-22,6.919678611521823e8,1.1200966603682241e8,2.1085359454e8,-3.539328854640171e6,3.7264392943000007e8,5.071387022298221e6,9.234090858864e6,8.374982434784554e6,1.0243416518983388,-0.08780456615162673,-2.8954076864399014,0.002678835434370086,7.559631862900666e8,0.003094571836690818,-0.00041573640232073217
2024-11-25,6.891706887078203e8,1.1067936270530677e8,2.0956270124e8,-2.881088517486436e6,3.718097132799999e8,3.8908124124004915e6,9.234090858864e6,8.506039007768217e6,1.0000669316989217,-0.08711390122904139,-2.455790431170026,-0.004050536811160299,7.585274516026658e8,0.0033863104846361125,-0.007436847295796412
2024-11-26,6.92098152431409e8,1.1028861327445745e8,2.0969044164e8,-2.188740783048515e6,3.743078383000001e8,3.4897449619959285e6,9.292225778864e6,8.535259238835117e6,1.0091763626190657,-0.07887946688128811,-2.2145875541683386,0.0042388100269370454,7.624880990161853e8,0.00520791041713764,-0.0009691003902005946
2024-11-27,6.907945998195581e8,1.0999729719569245e8,2.0903541670000002e8,-1.818504486134291e6,3.7358039041e8,3.235453707081689e6,9.292225778864e6,8.553608398255194e6,1.0002959763279138,-0.06565474377158584,-1.9962832761040648,-0.00188525537619455,7.60177721358299e8,-0.0030346506764828973,0.0011493953002883472
2024-11-29,6.949997082241726e8,1.258060214145002e8,1.9515963714e8,-1.5796112103276083e6,3.7561366088e8,3.6074393044181294e6,9.413803638864e6,8.585799200401349e6,1.0192598255975034,-0.06228007736458716,-1.9124885060009857,0.006068896786349143,7.649000317359568e8,0.006192897982497669,-0.00012400119614852656
2024-12-02,6.979506660943242e8,1.2680367783777268e8,1.9757944542e8,-2.598108523448322e6,3.7616565135999995e8,4.664373798671694e6,9.483010558864e6,8.695530231001858e6,1.037260243108436,-0.05883698598636789,-2.870859220010439,0.0042369955731693665,7.662710250714059e8,0.0017907779744668062,0.0024462175987025603
2024-12-03,6.972065154509754e8,1.2684803874845736e8,1.9709236606e8,-2.620623657482162e6,3.7588673430000013e8,4.731478861577562e6,9.483010558864e6,8.706830693820506e6,1.0754592161961867,-0.0763686214950129,-2.9196662453590543,-0.0010667625465607955,7.666264677880038e8,0.00046375276184207337,-0.0015305153084028689
2024-12-04,6.98441361702912e8,1.2661430168989077e8,1.9737544486e8,-2.3924330369787742e6,3.7684404818999994e8,4.527402454370878e6,9.483010558864e6,8.717677836033314e6,1.105021617794025,-0.0805490845310469,-2.5940322782842173,0.0017695675168205582,7.713868613138686e8,0.006190334813620524,-0.004420767296799966
2024-12-05,7.008796266357609e8,1.268811734167763e8,1.9830053702e8,-2.6721449110155273e6,3.7837006111000013e8,4.85846429694892e6,9.485605638864e6,8.765616201330611e6,1.0786963939108045,-0.08320997704460126,-2.9054198325337817,0.0034849293633740785,7.701174230403047e8,-0.0016470126919685413,0.00513194205534262
2024-12-06,7.010898801136158e8,1.2710576948141234e8,1.9908252122e8,-3.1222851477966597e6,3.7802387456e8,4.983230470946822e6,9.619157443864e6,8.78042549084676e6,1.0957097867039076,-0.08391815126959554,-2.880013220131767,0.00029994016049172956,7.715772770549031e8,0.0018938307965044032,-0.0015938906360126737
2024-12-09,6.94616130898206e8,1.2526154822591858e8,1.9939259116e8,-4.113918577712696e6,3.740759100900001e8,5.0023038318543015e6,9.696192593864e6,8.826872478895754e6,1.115641251465664,-0.09825273949338727,-2.925689556617983,-0.009276732478948446,7.67603935258648e8,-0.005162940647359449,-0.004113791831588998
2024-12-10,6.949644163042482e8,1.2529758096140468e8,2.0017035325e8,-4.641428757156542e6,3.7413791084999996e8,5.066750211214868e6,9.696192593864e6,8.836542512888806e6,1.1220373348211135,-0.09951620675352299,-2.8176579677664924,0.0005012813601013022,7.652173913043478e8,-0.0031139257281651567,0.003615207088266459
2024-12-11,7.011895244218507e8,1.2468381749077784e8,2.0391381322e8,-4.1438892689271695e6,3.767357829800001e8,4.501908493886113e6,9.696192593864e6,8.866711258127924e6,1.1282130216948378,-0.10003152565825657,-2.9041592312985065,0.008917568742596416,7.711329736591558e8,0.007700862673175379,0.0012167060694210363
2024-12-12,6.989587748423542e8,1.2456815859148152e8,2.0293794051e8,-4.376639929127315e6,3.7582931566999996e8,4.448535438147452e6,9.696192593864e6,8.910076114518618e6,1.1129752435893827,-0.10417229172284197,-2.9680532198963294,-0.003186450275524777,7.671596318629007e8,-0.0051659230737861606,0.0019794727982613836
2024-12-13,6.978559911529841e8,1.230042056957987e8,2.0297581049e8,-2.921374022814513e6,3.747973489899999e8,2.7001410474252785e6,9.971108013864e6,8.98168924714226e6,1.077063628720755,-0.0959627620233182,-2.8539817628349176,-0.001578998082408134,7.67007299270073e8,-0.0001985867251335094,-0.0013804113572746246
2024-12-16,6.991274774527674e8,1.2229143681147772e8,2.0487810345e8,-2.4951148587104217e6,3.744530520500001e8,2.0153989686466737e6,1.0049174778864e7,9.068951783002721e6,1.0759469312616567,-0.12041273530210256,-2.6635235127833825,0.0018203317067921887,7.70282450015868e8,0.004260947817456895,-0.002440616110664706
2024-12-17,7.00142081901829e8,1.2226848809318851e8,2.0580203244e8,-2.560874641359428e6,3.7463243600999993e8,2.0153989686466737e6,1.0049174778864e7,9.073035156662246e6,1.0813110430422443,-0.13144480856731003,-2.5308961843320112,0.0014501918091376353,7.67108854331958e8,-0.004128552285610709,0.005578744094748345
2024-12-18,6.802553623150957e8,1.2182432037427606e8,1.9811143571999997e8,-4.109230279180428e6,3.6442883650000006e8,1.6117435332717828e6,1.0049174778864e7,9.094654717354799e6,1.1673960790291453,-0.12740013082153723,-2.5493043055864493,-0.028815028100741102,7.442462710250714e8,-0.03025672399934365,0.0014416958986025463
2024-12-19,6.801917731568902e8,1.2164313102694607e8,1.9686405535e8,-3.0682775300560067e6,3.6475286431e8,1.4771285226735421e6,1.0049174778864e7,9.122872957008248e6,1.1704904088980186,-0.11507701030626517,-2.3833195261629467,-9.348273313136701e-5,7.440177721358299e8,-0.0003070676767151781,0.00021358494358381108
2024-12-20,6.84086422218771e8,1.0320662544471678e8,2.1545789683e8,-2.2980295859458297e6,3.6771992953e8,1.6272569907900002e6,1.0049174778864e7,9.142885626173574e6,1.0661333143911373,-0.05528690925314678,-2.0479070729855815,0.0057094801557973085,7.504284354173279e8,0.008579368826737266,-0.0028698886709399574
2024-12-23,6.894211781078633e8,1.0378890740911801e8,2.1764924256e8,-2.381575931254704e6,3.7036460407e8,2.2867759447225602e6,1.0049174778864e7,9.201663140819637e6,1.0733088605448686,-0.052187012581280806,-2.277150220928693,0.0077681153192514785,7.549222469057443e8,0.005970469061107764,0.0017976462581437147
2024-12-24,6.984990864727265e8,1.0384925315494178e8,2.2187804916e8,-1.9319040022153233e6,3.7470368816e8,2.3866526974883233e6,1.0049174778864e7,9.222590719146013e6,1.054969748964652,-0.046860444024031674,-2.251525721307942,0.013081497621094229,7.633132338940018e8,0.011053716675295533,0.002027780945798696
2024-12-26,6.966788212457635e8,1.0443192247721474e8,2.2035968923000002e8,-1.6677759414512455e6,3.7355498547999996e8,2.4214472078861925e6,1.0628856678864e7,9.23554941922326e6,1.0583818600210677,-0.05673180948560814,-1.9958199921086646,-0.002609367951873054,7.633640114249445e8,6.65203219831767e-5,-0.0026758882738562306
2024-12-27,6.894510549413898e8,9.711992794133686e7,2.2493797935e8,-1.9886930199470485e6,3.6938184066999996e8,2.4214472078861925e6,1.1044397678864e7,9.239859685321474e6,1.0537144794601196,-0.033533272576635235,-1.9605535692750862,-0.010428794496004201,7.553284671532847e8,-0.010582286240421013,0.00015349174441681157
2024-12-30,6.835992052380677e8,9.731650707618831e7,2.2237243360000002e8,-2.216228878120527e6,3.6612649344e8,2.677356862503496e6,1.1044397678864e7,9.280585970271494e6,1.0576548308636677,-0.03928778113382786,-2.0453934081087577,-0.00852391977858602,7.467089812757856e8,-0.01147718454512514,0.002953264766539121
2024-12-31,6.805959949402701e8,9.732222212331222e7,2.2115757620999998e8,-2.3226741230421695e6,3.6443887073e8,2.710819284534839e6,1.1044397678864e7,9.289887017418519e6,1.0553779162888834,-0.03892372733451406,-2.0408053638021117,-0.004402911180154234,7.439923833703587e8,-0.0036447285514569217,-0.0007581826286973126
