"No.","Ticker","Market Cap","Dividend Yield","Return on Assets","Return on Equity","Return on Invested Capital","Current Ratio","Quick Ratio","LT Debt/Equity","Total Debt/Equity","Gross Margin","Operating Margin","Profit Margin","Earnings Date","Price","Change","Volume"
1,"STRC",46666.59,6.11%,,,,,,,,,,,,100.02,0.01%,2643670
2,"DHIL",466.78,3.40%,19.29%,28.79%,26.79%,1.83,1.83,0.03,0.04,96.76%,38.44%,30.89%,2/26/2026 4:30:00 PM,172.54,0.27%,54655
3,"VALU",343.57,3.55%,14.76%,21.02%,19.85%,3.99,3.99,0.02,0.03,40.47%,15.65%,61.58%,,36.59,0.72%,1182
4,"LARK",159.15,3.09%,1.18%,12.65%,9.74%,0.07,,0.20,0.21,,24.09%,19.62%,1/28/2026 4:30:00 PM,26.20,-3.21%,8420
5,"BRBI",,5.39%,,,,,,,,,,,,14.07,0.21%,524
6,"LOAN",48.73,10.80%,8.10%,12.23%,9.05%,1.20,1.20,0.35,0.35,99.89%,79.38%,58.68%,10/24/2025 4:30:00 PM,4.26,-2.29%,25093
7,"SNY",107591.37,5.67%,3.87%,6.76%,5.71%,1.09,0.73,0.22,0.28,65.90%,26.10%,11.81%,1/29/2026 8:30:00 AM,44.55,-1.00%,6144538
8,"AUBN",86.44,4.37%,0.73%,8.52%,8.10%,0.22,,0.00,0.00,,22.35%,17.60%,,24.74,-0.84%,557
9,"NFBK",557.13,3.90%,0.01%,0.11%,0.07%,0.05,,0.62,1.44,,21.82%,0.30%,2/2/2026 8:30:00 AM,13.34,-0.22%,335389
10,"CBFV",171.83,3.17%,0.32%,3.22%,2.55%,0.04,,0.22,0.22,,7.67%,7.15%,1/27/2026 4:30:00 PM,34.29,-0.90%,8705
11,"CME",113720.14,3.62%,2.41%,14.65%,12.40%,1.03,1.03,0.13,0.13,82.58%,64.86%,61.67%,2/4/2026 8:30:00 AM,317.10,0.09%,1838783
12,"LNT",18398.43,3.01%,3.29%,11.30%,4.38%,0.80,0.66,1.52,1.68,26.24%,23.49%,18.57%,2/19/2026 4:30:00 PM,71.55,0.29%,2213133
13,"PROV",103.09,3.46%,0.53%,5.15%,3.16%,0.13,,0.64,1.69,,16.20%,10.97%,1/27/2026 8:30:00 AM,16.17,0.31%,4790
14,"PEP",217884.85,3.68%,7.97%,42.86%,12.51%,0.85,0.67,2.23,2.60,54.36%,15.50%,8.77%,2/3/2026 8:30:00 AM,159.43,-0.79%,5823298
15,"SGA",73.16,8.70%,0.14%,0.18%,0.18%,2.74,2.74,0.06,0.06,11.22%,-0.48%,0.27%,3/12/2026 8:30:00 AM,11.49,0.52%,4252
16,"PAGP",18131.76,7.24%,0.39%,8.61%,2.12%,0.96,0.92,8.10,8.54,4.40%,3.61%,0.58%,2/6/2026 8:30:00 AM,23.80,0.42%,2513264
17,"REG",14387.43,3.83%,4.15%,7.74%,4.33%,0.64,0.64,0.72,0.77,44.62%,37.51%,33.03%,2/5/2026 4:30:00 PM,78.66,-0.82%,957348
18,"VOD",33589.93,3.90%,-2.96%,-7.08%,-4.03%,1.16,1.13,0.84,0.97,32.85%,11.67%,-10.71%,11/11/2025 8:30:00 AM,14.51,-0.75%,3690906
19,"GLPI",13852.38,6.49%,6.35%,18.54%,6.81%,1.74,1.74,1.62,1.62,80.39%,75.33%,51.69%,2/19/2026 4:30:00 PM,48.91,-0.91%,1819621
20,"BPRN",228.04,3.86%,0.80%,6.99%,6.55%,0.13,,0.06,0.08,,17.03%,13.38%,1/29/2026 4:30:00 PM,33.72,-0.68%,15857
21,"REYN",4774.80,4.15%,6.06%,13.70%,7.69%,1.93,0.92,0.74,0.75,24.56%,13.25%,8.09%,2/4/2026 8:30:00 AM,22.70,-1.22%,941558
22,"SBRA",5148.82,5.97%,2.88%,5.59%,2.90%,0.64,0.64,0.90,0.91,40.80%,34.34%,20.11%,2/12/2026 4:30:00 PM,20.42,2.00%,2003388
23,"WB",1492.53,8.38%,6.85%,12.46%,8.11%,3.35,3.35,0.48,0.48,77.08%,28.22%,26.61%,3/18/2026 8:30:00 AM,9.54,-0.52%,586624
24,"KDP",38382.31,3.37%,3.82%,8.36%,5.19%,0.64,0.43,0.57,0.70,51.58%,21.54%,12.52%,2/24/2026 8:30:00 AM,28.25,0.71%,7852772
25,"ASRV",61.79,3.21%,0.39%,4.95%,3.42%,0.32,,0.37,0.37,,7.69%,6.35%,10/21/2025 8:30:00 AM,3.74,-0.53%,26827
26,"GBLI",409.69,4.91%,1.60%,4.01%,3.85%,1.11,,0.01,0.01,,8.20%,6.22%,3/10/2026 8:30:00 AM,28.50,1.42%,2751
27,"EXC",50489.98,3.41%,2.47%,9.94%,3.61%,0.92,0.84,1.66,1.76,27.92%,21.21%,11.41%,2/12/2026 8:30:00 AM,49.36,1.21%,11572689
28,"EVRG",19196.28,3.33%,2.48%,8.48%,3.65%,0.49,0.27,1.29,1.51,32.28%,25.19%,14.45%,2/19/2026 8:30:00 AM,83.36,0.55%,1779491
29,"PAA",15578.14,7.81%,4.17%,12.03%,5.71%,0.96,0.92,1.11,1.17,4.42%,3.65%,2.64%,2/6/2026 8:30:00 AM,22.08,0.36%,5668476
30,"MDLZ",74859.79,3.53%,3.50%,9.29%,5.61%,0.59,0.39,0.69,0.85,30.85%,12.35%,6.36%,2/3/2026 4:30:00 PM,58.40,0.38%,9391180
31,"NKSH",235.61,4.08%,0.87%,9.27%,8.77%,0.06,,0.01,0.28,,24.89%,18.55%,1/22/2026 4:30:00 PM,37.01,-1.10%,24287
32,"PECO",5361.33,3.43%,2.15%,4.83%,2.41%,1.19,1.19,1.02,1.09,34.98%,27.15%,15.20%,2/5/2026 4:30:00 PM,38.71,-0.79%,606998
33,"ARLP",3410.75,9.05%,10.68%,16.76%,13.48%,2.10,1.41,0.24,0.25,21.34%,17.56%,14.03%,2/2/2026 8:30:00 AM,26.51,-1.41%,403107
34,"KHC",29049.09,6.54%,-6.87%,-12.87%,-9.52%,1.15,0.79,0.47,0.52,33.41%,18.73%,-23.44%,2/11/2026 8:30:00 AM,24.54,1.28%,18529933
35,"DGICA",633.66,4.25%,4.44%,13.38%,11.75%,0.35,,0.05,0.05,,10.11%,8.11%,2/19/2026 8:30:00 AM,17.52,-0.40%,94405
36,"GDEN",748.51,3.57%,-0.58%,-1.35%,-0.66%,1.17,1.07,1.18,1.23,39.53%,5.12%,-0.95%,2/27/2026 8:30:00 AM,28.57,-0.38%,98672
37,"REFI",258.65,16.11%,9.02%,11.82%,8.69%,2.16,2.16,0.33,0.33,87.22%,68.80%,57.38%,3/12/2026 8:30:00 AM,12.27,-0.57%,196656
38,"SAFT",1096.36,4.88%,4.50%,11.54%,10.43%,0.67,,0.06,0.07,,9.62%,7.86%,2/25/2026 4:30:00 PM,74.93,-0.39%,87916
39,"SAMG",184.80,5.43%,3.88%,9.23%,8.47%,1.46,1.46,0.33,0.36,,9.69%,5.28%,10/30/2025 4:30:00 PM,15.10,-0.92%,35708
40,"SEVN",194.33,13.02%,2.01%,5.10%,4.43%,0.27,0.27,0.05,1.48,82.33%,76.33%,25.89%,2/18/2026 4:30:00 PM,8.60,-0.69%,88730
41,"UBFO",182.56,4.63%,1.00%,9.10%,8.23%,0.32,,0.07,0.07,,25.49%,18.76%,1/22/2026 4:30:00 PM,10.37,-0.77%,20441
42,"TROW",19713.79,5.72%,14.41%,19.21%,18.07%,3.10,3.10,0.04,0.04,78.89%,35.40%,27.84%,2/4/2026 8:30:00 AM,90.40,-1.78%,2086354
43,"AGNC",11797.32,13.53%,1.64%,15.08%,12.12%,0.18,0.18,0.00,8.21,100.00%,236.44%,79.01%,1/26/2026 4:30:00 PM,10.64,-2.39%,20768930
44,"KMB",34712.45,4.97%,10.25%,147.22%,24.54%,0.75,0.54,4.48,5.03,35.67%,14.70%,11.73%,1/27/2026 8:30:00 AM,104.58,-0.31%,5061889
45,"LAMR",13778.62,4.70%,8.69%,57.04%,10.77%,0.58,0.58,4.38,4.86,53.26%,31.42%,25.89%,2/20/2026 8:30:00 AM,136.04,-1.75%,399718
46,"GOOD",602.08,9.71%,1.61%,5.53%,0.57%,1.68,1.68,2.38,2.49,42.04%,37.16%,4.09%,2/18/2026 4:30:00 PM,12.36,-0.80%,352361
47,"WABC",1221.89,3.70%,1.93%,12.74%,12.24%,0.25,,0.02,0.17,,57.65%,42.75%,1/15/2026 8:30:00 AM,50.18,-1.20%,214800
48,"GAIN",537.60,7.11%,10.35%,22.16%,10.30%,0.17,0.17,0.96,0.96,55.09%,169.80%,127.18%,2/3/2026 4:30:00 PM,13.50,-1.53%,277018
49,"SFD",9540.84,4.02%,7.86%,14.44%,9.83%,3.10,1.44,0.36,0.37,13.88%,8.62%,5.63%,10/28/2025 8:30:00 AM,24.27,0.04%,817450
50,"JRSH",38.74,6.56%,2.19%,2.84%,2.82%,2.79,1.11,0.00,0.15,15.93%,2.90%,1.18%,2/9/2026 8:30:00 AM,3.05,-0.97%,24321
51,"CVGW",462.58,3.09%,6.67%,9.72%,8.76%,2.47,1.70,0.09,0.11,9.82%,3.02%,3.05%,3/12/2026 4:30:00 PM,25.88,0.23%,106491
52,"VABK",210.66,4.53%,1.18%,11.18%,9.00%,0.11,,0.16,0.16,,28.90%,23.11%,1/29/2026 8:30:00 AM,39.06,1.56%,27487
53,"MCBS",816.71,3.46%,1.64%,14.23%,6.42%,0.51,,0.97,0.97,,39.61%,27.81%,1/30/2026 8:30:00 AM,28.34,-0.14%,130327
54,"NWE",4283.23,3.86%,2.13%,6.31%,2.98%,0.72,0.53,1.10,1.19,59.07%,20.23%,11.24%,2/12/2026 8:30:00 AM,69.71,-0.90%,390279
55,"CPB",7691.86,6.15%,3.69%,14.82%,5.61%,0.82,0.34,1.60,1.85,29.84%,13.50%,5.69%,3/11/2026 8:30:00 AM,25.80,2.95%,8298852
56,"ERIC",34186.91,3.10%,10.19%,28.83%,18.78%,1.29,1.08,0.32,0.37,48.13%,13.90%,12.14%,1/23/2026 8:30:00 AM,11.13,-1.15%,7015978
57,"HAS",13293.40,4.49%,-5.42%,-38.02%,-9.45%,1.38,1.24,5.34,6.32,70.31%,22.54%,-6.86%,2/10/2026 8:30:00 AM,94.49,-0.92%,1489239
58,"HNNA",78.60,5.66%,5.79%,9.42%,9.13%,1.75,1.75,0.00,0.41,84.38%,34.90%,26.52%,2/5/2026 4:30:00 PM,9.96,-1.97%,6464
59,"RGCO",233.87,3.74%,3.81%,11.30%,5.06%,0.80,0.58,1.19,1.34,21.07%,17.97%,13.12%,2/5/2026 4:30:00 PM,22.50,-0.75%,15360
60,"SWBI",622.47,3.72%,2.15%,3.30%,2.55%,4.50,1.48,0.29,0.30,26.51%,4.65%,2.47%,3/5/2026 4:30:00 PM,13.99,18.66%,3433443
61,"ATLO",236.84,3.15%,0.89%,9.95%,8.30%,0.37,,0.10,0.29,,24.29%,19.36%,,26.64,-0.99%,42711
62,"ICMB",40.52,16.90%,-0.69%,-1.90%,-0.72%,1.44,1.44,1.75,1.75,75.05%,42.21%,-8.40%,11/13/2025 8:30:00 AM,2.81,-3.77%,22061
63,"ARTNA",349.21,3.68%,2.76%,9.25%,5.32%,0.68,0.54,0.70,0.71,37.21%,31.75%,20.16%,10/30/2025 4:30:00 PM,33.73,0.03%,23643
64,"PEBO",1148.63,5.21%,1.12%,9.13%,7.46%,0.05,,0.18,0.62,,22.54%,17.11%,1/20/2026 8:30:00 AM,31.98,-1.14%,229630
65,"FDBC",251.22,3.81%,1.06%,12.74%,11.52%,0.27,,0.03,0.03,,23.44%,20.12%,1/28/2026 8:30:00 AM,43.56,0.11%,8768
66,"CZNC",396.98,5.02%,0.81%,7.54%,4.38%,0.25,,0.55,0.55,,21.51%,13.68%,1/28/2026 4:30:00 PM,22.30,0.04%,64769
67,"UBCP",87.99,6.20%,0.89%,11.10%,4.44%,0.13,,1.43,0.41,,16.14%,15.73%,2/4/2026 4:30:00 PM,15.24,-0.07%,6976
68,"KRT",456.86,7.88%,9.93%,19.43%,14.23%,2.14,1.09,0.38,0.60,37.03%,8.77%,6.67%,3/12/2026 4:30:00 PM,22.73,-2.82%,63413
69,"OCSL",1009.46,13.53%,1.04%,2.24%,1.10%,0.89,0.89,1.05,1.12,87.53%,47.30%,10.52%,2/4/2026 8:30:00 AM,11.46,0.00%,614271
70,"CFFN",906.32,4.87%,0.75%,7.04%,2.80%,0.05,,1.49,1.76,,20.76%,16.96%,1/28/2026 8:30:00 AM,6.98,-1.55%,1077633
71,"NECB",328.02,3.42%,2.18%,13.26%,10.40%,0.34,,0.21,0.21,,39.71%,28.32%,1/28/2026 4:30:00 PM,23.39,-1.12%,41750
72,"SELF",58.27,5.60%,2.68%,3.70%,2.80%,3.61,3.61,0.34,0.34,49.39%,18.61%,13.80%,11/7/2025 4:30:00 PM,5.14,0.19%,20288
73,"EMBC",537.13,6.62%,12.61%,,17.94%,2.64,1.87,,,63.73%,32.06%,12.92%,2/5/2026 8:30:00 AM,9.07,-3.92%,997275
74,"SUNS",126.29,12.75%,5.80%,8.33%,4.91%,1.12,1.12,0.36,0.36,,66.72%,55.42%,3/12/2026 8:30:00 AM,9.41,-2.49%,90340
75,"MATW",798.38,3.94%,1.35%,4.73%,2.05%,1.51,0.91,1.04,1.08,34.18%,1.24%,1.64%,2/3/2026 4:30:00 PM,25.65,-0.31%,181023
76,"PAYX",36201.87,4.35%,11.79%,40.88%,18.78%,1.27,1.27,1.19,1.30,73.36%,42.44%,26.45%,12/19/2025 8:30:00 AM,100.85,2.51%,5007018
77,"IEP",5167.77,24.66%,-1.93%,-9.85%,-3.04%,2.85,2.47,2.55,3.11,13.20%,4.75%,-2.97%,2/25/2026 8:30:00 AM,8.11,-1.34%,2270648
78,"BCIC",129.77,18.93%,2.35%,5.93%,2.23%,5.75,5.75,1.47,1.47,71.34%,81.72%,28.94%,3/5/2026 4:30:00 PM,9.92,-13.13%,261645
79,"UG",29.05,7.78%,15.41%,17.85%,18.52%,7.04,6.16,0.00,0.00,50.32%,20.65%,19.48%,11/6/2025 8:30:00 AM,6.43,-1.08%,2411
80,"TOWN",3072.76,3.33%,0.92%,7.41%,6.04%,0.08,,0.16,0.17,,23.78%,15.18%,1/28/2026 4:30:00 PM,33.31,-1.27%,509129
81,"TRIN",1240.14,13.68%,6.37%,14.15%,5.66%,0.43,0.43,1.19,1.19,100.00%,93.07%,58.39%,2/25/2026 8:30:00 AM,14.91,-0.80%,1036920
82,"IMMR",196.97,3.45%,10.89%,35.11%,15.13%,1.72,1.04,0.78,1.01,24.29%,8.20%,6.68%,,6.08,-0.33%,200262
83,"IGIC",1077.43,4.79%,7.37%,18.64%,18.54%,0.77,,0.00,0.00,,23.20%,24.62%,2/24/2026 4:30:00 PM,24.51,-1.05%,56482
84,"NWBI",1794.60,6.51%,0.81%,7.22%,5.51%,0.02,,0.21,0.39,,23.39%,14.33%,1/26/2026 4:30:00 PM,12.28,-1.37%,1287088
85,"LKQ",8029.01,3.81%,4.08%,9.78%,5.37%,1.67,0.58,0.73,0.77,36.02%,8.05%,4.36%,2/19/2026 8:30:00 AM,31.47,0.03%,1518487
86,"SBFG",128.30,3.44%,0.95%,10.38%,6.76%,0.10,,0.46,0.53,,18.98%,15.34%,1/29/2026 4:30:00 PM,20.37,-1.26%,13241
87,"NBTB",2173.27,3.64%,1.14%,9.89%,8.06%,0.10,,0.11,0.19,,26.37%,18.67%,1/26/2026 4:30:00 PM,41.63,-1.89%,219690
88,"BCML",316.36,4.13%,0.91%,7.22%,6.63%,0.21,,0.07,0.07,,23.05%,16.92%,1/22/2026 4:30:00 PM,29.03,-0.58%,26834
89,"IBCP",708.28,3.23%,1.26%,14.31%,11.06%,0.14,,0.23,0.23,,25.77%,21.73%,1/22/2026 8:30:00 AM,34.23,-1.52%,145514
90,"WSBC",3237.09,4.52%,0.96%,6.54%,4.57%,0.05,,0.10,0.41,,24.70%,14.09%,1/27/2026 4:30:00 PM,33.68,-2.77%,548894
91,"TFSL",3899.93,8.13%,0.52%,4.68%,1.65%,0.22,,1.84,2.59,,14.27%,11.10%,1/29/2026 4:30:00 PM,13.90,-0.07%,1021360
92,"KELYA",336.24,3.25%,-10.44%,-23.06%,-22.69%,1.54,1.54,0.15,0.16,18.77%,1.31%,-6.00%,2/12/2026 8:30:00 AM,9.23,-1.39%,304377
93,"HOPE",1428.19,5.03%,0.33%,2.65%,2.39%,0.04,,0.07,0.20,,10.93%,6.06%,1/27/2026 8:30:00 AM,11.14,-1.50%,860789
94,"ORRF",686.95,3.41%,1.47%,14.59%,8.95%,0.19,,0.53,0.57,,29.59%,22.71%,1/27/2026 4:30:00 PM,35.23,-1.09%,180828
95,"TRST",807.52,3.42%,0.96%,8.97%,8.46%,0.53,,0.05,0.23,,23.23%,22.02%,1/21/2026 4:30:00 PM,43.83,-0.52%,153567
96,"LKFN",1437.16,3.63%,1.51%,14.29%,13.31%,0.03,,0.02,0.24,,29.78%,24.51%,1/26/2026 8:30:00 AM,56.88,-1.25%,211298
97,"ACNB",493.28,3.23%,1.32%,10.25%,5.45%,0.04,,0.62,0.77,,29.81%,19.32%,1/22/2026 8:30:00 AM,47.50,-2.92%,69478
98,"PFIS",526.31,4.70%,1.14%,11.97%,7.94%,0.09,,0.43,0.50,,25.89%,21.12%,1/30/2026 4:30:00 PM,52.66,-1.59%,64191
99,"GABC",1503.98,3.09%,1.53%,12.00%,8.63%,0.08,,0.12,0.16,,28.76%,23.12%,1/26/2026 4:30:00 PM,40.11,-1.72%,155201
100,"HST",13226.43,4.73%,5.86%,11.62%,6.29%,0.47,0.47,0.85,0.86,15.62%,13.59%,12.51%,2/18/2026 4:30:00 PM,19.23,-3.66%,10841391
101,"LNKB",317.70,3.54%,1.13%,11.42%,8.72%,0.04,,0.25,0.63,,18.37%,19.10%,1/26/2026 4:30:00 PM,8.48,-1.17%,111750
102,"VNOM",15767.91,6.77%,-0.78%,-2.25%,-1.04%,3.72,3.72,0.49,0.49,47.96%,44.91%,-5.12%,2/23/2026 4:30:00 PM,44.10,1.03%,4834633
103,"AROW",550.00,3.59%,1.00%,10.56%,9.53%,0.30,,0.07,0.07,,22.83%,18.12%,1/29/2026 8:30:00 AM,33.45,1.39%,123214
104,"ADAM",722.89,11.51%,1.36%,10.56%,1.78%,0.06,0.06,2.98,7.71,82.48%,88.67%,14.93%,2/18/2026 4:30:00 PM,7.99,-2.44%,565664
105,"WAFD",2351.76,3.53%,0.88%,8.03%,4.14%,0.14,,0.82,0.82,,22.40%,16.41%,1/15/2026 4:30:00 PM,31.00,-1.84%,553386
106,"GBDC",3190.33,11.43%,3.69%,8.34%,4.04%,0.34,0.34,1.09,1.25,78.58%,70.93%,40.79%,2/4/2026 4:30:00 PM,12.12,-2.18%,1797840
107,"FRST",320.13,3.08%,1.59%,15.86%,10.59%,0.07,,0.37,0.47,,23.22%,19.64%,1/29/2026 4:30:00 PM,12.99,-1.14%,122516
108,"NWFL",318.08,4.42%,1.17%,12.18%,9.20%,0.12,,0.25,0.31,,25.75%,20.41%,1/22/2026 8:30:00 AM,29.09,0.10%,32917
109,"PFBC",1188.34,3.67%,1.84%,17.21%,11.45%,0.14,,0.48,0.49,,38.35%,26.62%,1/22/2026 8:30:00 AM,88.73,-1.26%,126554
110,"CVBF",2567.99,4.27%,1.35%,9.28%,7.34%,0.05,,0.23,0.45,,43.68%,32.06%,1/21/2026 4:30:00 PM,18.91,-1.72%,1213510
111,"LCNB",238.77,5.23%,1.01%,8.74%,5.98%,0.07,,0.41,0.41,,22.72%,18.49%,1/29/2026 4:30:00 PM,16.83,-0.47%,33828
112,"BUSE",2165.17,4.14%,0.90%,7.02%,4.50%,0.06,,0.13,0.20,,17.97%,12.07%,1/27/2026 4:30:00 PM,25.11,-0.63%,884518
113,"JJSF",1640.16,3.66%,4.61%,6.60%,5.83%,2.52,1.47,0.15,0.18,29.55%,6.19%,3.92%,2/3/2026 8:30:00 AM,86.27,0.75%,272731
114,"SLRC",790.50,11.32%,3.69%,9.31%,4.50%,0.86,0.86,1.06,1.15,73.34%,72.88%,42.04%,2/24/2026 4:30:00 PM,14.49,-0.62%,295728
115,"HFWA",1042.68,3.87%,0.96%,7.57%,7.02%,0.05,,0.04,0.07,,23.40%,20.10%,1/22/2026 8:30:00 AM,25.35,-1.59%,220585
116,"SIRI",7448.70,5.07%,2.94%,7.11%,3.98%,0.30,0.30,0.75,0.84,40.65%,22.28%,9.41%,2/5/2026 8:30:00 AM,22.25,-1.68%,4374055
117,"ARCC",13455.74,10.25%,4.37%,9.39%,4.29%,1.71,1.71,1.12,1.12,75.68%,68.97%,41.30%,2/4/2026 8:30:00 AM,18.74,-1.37%,10532999
118,"CMCSA",114807.26,3.87%,7.42%,21.92%,10.24%,0.88,0.88,1.02,1.08,58.64%,16.90%,16.17%,1/29/2026 8:30:00 AM,31.91,0.98%,23116254
119,"CGBD",778.86,14.20%,2.97%,6.74%,2.56%,3.72,3.72,1.31,1.31,70.90%,86.18%,34.96%,2/24/2026 4:30:00 PM,11.02,-2.48%,619782
120,"PFG",20005.21,3.56%,0.38%,10.32%,7.62%,0.40,,0.31,0.35,,9.06%,7.58%,2/9/2026 4:30:00 PM,92.26,-1.33%,1530137
121,"HBNC",834.33,4.13%,-2.11%,-20.73%,-14.98%,0.15,,0.46,0.59,,-178.03%,-133.39%,1/21/2026 4:30:00 PM,16.29,-2.51%,463256
122,"FRME",2380.40,3.92%,1.21%,9.47%,6.87%,0.05,,0.32,0.41,,24.67%,21.34%,1/26/2026 4:30:00 PM,37.55,-2.59%,333410
123,"HCKT",360.65,3.38%,6.39%,14.09%,8.92%,1.72,1.72,1.13,1.15,36.64%,8.72%,4.23%,2/17/2026 4:30:00 PM,14.21,-0.84%,241131
124,"HBAN",33105.92,3.92%,1.03%,10.03%,5.01%,0.10,,0.71,0.78,,21.65%,16.91%,1/22/2026 8:30:00 AM,16.31,-2.22%,27421482
125,"DMLP",1297.11,10.39%,16.34%,16.40%,17.79%,15.54,15.54,0.00,0.00,46.24%,37.53%,36.15%,,26.88,0.07%,262479
126,"WSBF",320.56,3.44%,1.18%,7.67%,4.89%,0.06,,0.54,1.18,,16.59%,13.10%,,17.46,-0.63%,73304
127,"BSET",125.40,5.66%,1.70%,3.67%,2.60%,1.89,1.09,0.42,0.54,56.28%,2.48%,1.82%,2/4/2026 4:30:00 PM,14.49,-1.02%,34746
128,"HBT",970.20,3.33%,1.52%,13.28%,11.31%,0.05,,0.11,0.11,,35.70%,26.21%,1/26/2026 8:30:00 AM,26.27,-2.38%,37080
129,"FFIC",521.47,5.72%,0.21%,2.58%,1.47%,0.04,,0.76,0.76,,10.63%,3.74%,1/27/2026 4:30:00 PM,15.39,-1.72%,190178
130,"CAC",777.06,3.77%,1.02%,10.61%,8.58%,0.06,,0.09,0.92,,23.58%,17.47%,1/27/2026 8:30:00 AM,45.92,-0.41%,125667
131,"UBSI",5596.29,3.83%,1.45%,8.84%,7.92%,0.10,,0.07,0.15,,32.03%,25.45%,1/22/2026 8:30:00 AM,40.14,-1.62%,1285587
132,"OCFC",1036.11,4.45%,0.51%,4.22%,3.15%,0.03,,0.28,1.04,,15.86%,9.77%,1/22/2026 4:30:00 PM,18.05,-1.80%,772711
133,"PSEC",1317.20,18.68%,-3.40%,-4.85%,-5.56%,0.57,0.57,0.40,0.40,-5.75%,-64.23%,-227.79%,2/9/2026 4:30:00 PM,2.73,0.00%,2678337
134,"CMTV",170.94,3.21%,1.34%,16.03%,10.38%,0.18,,0.43,0.79,,28.21%,25.03%,,30.50,0.99%,4830
135,"MLKN",1345.21,3.82%,-0.64%,-1.95%,-0.84%,1.67,0.95,1.32,1.40,38.67%,2.44%,-0.68%,3/25/2026 4:30:00 PM,19.71,-1.30%,550639
136,"RMR",548.51,10.52%,3.32%,9.75%,5.94%,1.82,1.82,0.66,0.68,18.66%,10.71%,3.46%,2/4/2026 4:30:00 PM,17.11,0.47%,181976
137,"FITB",42656.03,3.43%,1.18%,12.20%,7.06%,0.17,,0.55,0.70,,23.92%,17.77%,1/20/2026 8:30:00 AM,47.30,-2.85%,8553794
138,"FCBC",724.72,3.23%,1.50%,9.50%,9.55%,0.58,,0.00,0.00,,35.62%,26.32%,1/27/2026 4:30:00 PM,39.57,-1.10%,75469
139,"HTBK",753.49,4.25%,0.84%,6.84%,6.39%,0.29,,0.06,0.06,,25.16%,17.78%,1/22/2026 4:30:00 PM,12.24,-1.53%,523037
140,"EFSI",185.60,3.61%,0.44%,5.34%,3.18%,0.50,,0.37,0.37,,9.39%,7.79%,1/26/2026 4:30:00 PM,34.52,-0.07%,15473
141,"CTBI",1083.96,3.60%,1.52%,12.15%,10.49%,0.08,,0.09,0.46,,31.16%,24.04%,1/21/2026 8:30:00 AM,59.72,-0.76%,88750
142,"KRNY",481.65,5.91%,0.42%,4.31%,3.38%,0.04,,0.26,1.45,,11.56%,9.41%,1/22/2026 8:30:00 AM,7.44,-2.23%,310708
143,"MBWM",869.26,3.12%,1.38%,13.56%,7.76%,0.17,,0.58,1.01,,28.32%,23.87%,1/20/2026 8:30:00 AM,50.33,-3.09%,119559
144,"SPOK",259.95,9.95%,7.35%,10.55%,10.54%,1.18,1.18,0.03,0.05,63.91%,14.44%,11.37%,2/25/2026 4:30:00 PM,12.54,1.05%,162606
145,"WTBA",405.39,4.18%,0.80%,13.19%,8.78%,0.25,,0.39,1.43,,20.87%,16.40%,1/29/2026 8:30:00 AM,23.93,-2.13%,53118
146,"BHRB",953.41,3.48%,1.49%,14.81%,12.16%,0.08,,0.12,0.65,,29.51%,23.70%,1/22/2026 4:30:00 PM,63.44,-1.06%,72995
147,"OTEX",6405.34,4.27%,3.20%,10.55%,4.14%,0.92,0.92,1.61,1.63,63.91%,20.80%,8.42%,2/5/2026 4:30:00 PM,25.56,-0.97%,1939069
148,"EWBC",14632.04,3.01%,1.69%,15.94%,14.61%,0.07,,0.02,0.36,,37.48%,28.79%,1/22/2026 4:30:00 PM,106.32,-3.58%,1156499
149,"ESCA",205.44,4.00%,6.02%,8.01%,7.39%,4.28,2.04,0.07,0.11,25.96%,7.80%,5.70%,2/27/2026 8:30:00 AM,15.00,3.59%,53713
150,"FHB",3003.44,4.25%,1.15%,10.26%,9.79%,0.16,,0.02,0.02,,30.19%,23.54%,1/30/2026 8:30:00 AM,24.48,-1.88%,1178720
151,"FNLC",311.11,5.30%,1.09%,12.84%,7.30%,0.03,,0.66,0.66,,24.09%,19.24%,10/22/2025 4:30:00 PM,27.73,0.22%,32143
152,"FFBC",2849.97,3.71%,1.29%,9.82%,7.67%,0.08,,0.20,0.45,,25.51%,20.30%,1/28/2026 4:30:00 PM,27.25,-1.80%,650906
153,"LINE",8969.67,5.49%,-0.52%,-1.16%,-0.61%,0.80,0.71,0.96,0.98,15.42%,4.71%,-1.83%,2/25/2026 8:30:00 AM,39.50,-2.40%,740403
154,"ALRS",606.58,3.62%,0.33%,3.29%,2.66%,0.03,,0.16,0.72,,6.81%,5.26%,1/28/2026 4:30:00 PM,23.88,-1.32%,146037
155,"HAFC",770.03,4.35%,0.97%,9.88%,7.88%,0.09,,0.20,0.40,,24.26%,16.96%,1/27/2026 4:30:00 PM,25.76,-1.23%,259454
156,"CSWC",1334.39,11.52%,5.19%,11.11%,5.04%,1.35,1.35,1.02,1.08,96.87%,82.58%,46.10%,2/2/2026 4:30:00 PM,22.18,-1.25%,421125
157,"HWC",5133.33,3.01%,1.37%,11.27%,10.16%,0.08,,0.07,0.30,,30.22%,24.13%,1/20/2026 4:30:00 PM,62.86,-3.17%,766814
158,"NVEC",323.99,5.97%,22.74%,23.36%,23.98%,34.84,26.69,0.01,0.02,79.15%,59.49%,54.59%,1/21/2026 4:30:00 PM,66.98,-0.84%,35658
159,"HTHT",15396.46,3.30%,6.17%,32.28%,9.84%,0.85,0.84,2.34,3.13,36.95%,22.46%,15.94%,11/17/2025 8:30:00 AM,50.51,-2.11%,1063375
160,"LIEN",229.12,13.55%,15.85%,17.13%,10.51%,5.64,5.64,0.04,0.04,78.05%,64.19%,62.70%,3/18/2026 4:30:00 PM,10.04,0.40%,15712
161,"MNDO",25.46,17.60%,9.77%,12.73%,12.67%,3.53,3.53,0.03,0.04,51.10%,13.15%,14.63%,,1.25,1.63%,20609
162,"OZK",5114.64,4.17%,1.81%,12.09%,10.38%,0.12,,0.10,0.10,,33.30%,24.92%,1/20/2026 4:30:00 PM,45.09,-2.93%,1742709
163,"BCBP",141.79,3.89%,-0.36%,-3.99%,-2.44%,0.20,,0.95,0.95,,-10.99%,-8.68%,1/30/2026 8:30:00 AM,8.23,-1.20%,90687
164,"NXST",7513.76,3.30%,0.81%,4.26%,1.08%,2.07,2.07,3.13,3.21,38.99%,17.45%,1.86%,2/26/2026 8:30:00 AM,247.75,-2.32%,346087
165,"SSSS",223.31,8.44%,25.45%,35.45%,22.57%,20.54,20.54,0.32,0.32,100.00%,195.23%,182.31%,3/10/2026 4:30:00 PM,8.89,-3.79%,281475
166,"NMFC",804.43,13.41%,0.54%,1.30%,0.63%,0.53,0.53,1.23,1.41,83.64%,37.99%,4.45%,2/24/2026 4:30:00 PM,7.98,-1.48%,1480028
167,"LAND",486.07,4.77%,1.06%,1.99%,-0.88%,0.69,0.65,0.77,0.80,33.39%,27.16%,-11.87%,2/24/2026 4:30:00 PM,11.73,-0.68%,495583
168,"ITRN",985.33,4.04%,16.26%,28.78%,26.07%,2.28,2.06,0.02,0.02,49.74%,21.43%,16.15%,3/5/2026 8:30:00 AM,49.53,-1.86%,121247
169,"SWKS",8241.98,5.22%,4.87%,6.49%,6.15%,2.40,1.80,0.11,0.21,41.11%,11.27%,9.73%,2/3/2026 4:30:00 PM,54.81,-2.96%,3693015
170,"MSBI",445.19,6.02%,-1.78%,-19.57%,-16.32%,0.04,,0.45,0.78,,8.78%,-29.53%,1/22/2026 4:30:00 PM,21.21,-3.15%,130448
171,"MFIN",228.83,4.88%,1.47%,11.05%,6.84%,0.09,1.56,0.54,0.77,80.35%,33.56%,12.18%,2/18/2026 4:30:00 PM,9.83,-1.31%,68615
172,"SCVL",530.25,3.10%,5.04%,8.78%,5.82%,4.05,0.97,0.46,0.53,36.50%,6.12%,5.06%,11/20/2025 8:30:00 AM,19.37,-2.52%,381935
173,"INDB",3775.96,3.10%,0.93%,6.25%,5.06%,0.06,,0.14,0.25,,27.02%,17.61%,1/22/2026 4:30:00 PM,77.21,-1.39%,269881
174,"BANR",2048.60,3.35%,1.20%,10.50%,9.54%,0.05,,0.05,0.19,,27.16%,22.21%,1/21/2026 4:30:00 PM,60.08,-0.69%,516047
175,"GCMG",2281.91,4.53%,6.36%,,9.13%,1.93,1.93,17.40,17.79,,26.85%,8.25%,2/10/2026 8:30:00 AM,11.27,-4.09%,625390
176,"RGP",120.94,7.76%,-37.09%,-50.91%,-61.78%,2.64,2.64,0.10,0.13,36.67%,-1.80%,-26.13%,1/7/2026 4:30:00 PM,3.61,-2.43%,432220
177,"DCOM",1403.23,3.22%,0.73%,7.58%,5.38%,0.22,,0.28,0.56,,22.18%,13.94%,1/21/2026 8:30:00 AM,31.96,-1.60%,238422
178,"JOYY",2106.72,6.23%,-1.72%,-2.29%,-2.06%,2.02,2.02,0.00,0.01,36.37%,2.91%,-6.49%,3/10/2026 4:30:00 PM,60.80,0.40%,141010
179,"HTO",2334.14,3.02%,2.06%,7.06%,3.01%,0.70,0.70,1.21,1.28,46.08%,22.23%,12.81%,2/25/2026 4:30:00 PM,58.21,3.02%,605928
180,"WEYS",296.57,3.29%,7.17%,9.51%,9.38%,4.22,2.87,0.03,0.05,43.91%,10.56%,8.36%,3/3/2026 4:30:00 PM,31.06,-0.77%,10221
181,"DRH",1965.55,3.93%,3.28%,6.68%,3.33%,0.87,0.87,0.90,0.90,17.68%,14.61%,8.18%,2/26/2026 4:30:00 PM,9.60,-3.13%,2082325
182,"RBB",364.46,3.05%,0.78%,6.20%,3.93%,0.42,,0.55,0.55,,17.70%,13.42%,1/26/2026 4:30:00 PM,21.38,-1.79%,105225
183,"FISI",619.61,4.11%,1.21%,27.94%,45.70%,0.06,,,,,24.07%,19.63%,1/29/2026 4:30:00 PM,30.78,-1.63%,135870
184,"OXSQ",151.09,22.70%,-6.18%,-12.24%,-6.31%,5.56,12.07,1.04,1.08,81.51%,-39.64%,-79.66%,3/3/2026 8:30:00 AM,1.85,-0.54%,887861
185,"VTRS",16303.72,3.66%,-8.93%,-21.08%,-12.84%,1.30,0.74,0.86,1.00,38.49%,7.99%,-24.59%,2/26/2026 8:30:00 AM,14.16,-2.55%,10816812
186,"COFS",424.88,4.13%,0.79%,7.76%,3.62%,0.10,,0.67,0.67,,22.71%,12.41%,1/30/2026 8:30:00 AM,28.28,-0.60%,117507
187,"CCAP",479.26,12.38%,2.11%,4.77%,2.18%,2.94,2.94,1.24,1.24,78.02%,76.15%,22.09%,2/25/2026 4:30:00 PM,12.98,-2.70%,220371
188,"FIBK",3457.23,5.50%,1.08%,8.95%,8.07%,0.10,,0.09,0.23,,27.76%,21.41%,1/28/2026 4:30:00 PM,34.19,-2.31%,915066
189,"PCB",313.74,3.79%,1.17%,9.88%,8.34%,0.18,,0.14,0.14,,25.07%,17.64%,1/29/2026 4:30:00 PM,22.00,-1.39%,27358
190,"III",216.92,3.97%,4.44%,10.22%,5.73%,2.22,2.22,0.72,0.72,41.22%,7.99%,3.82%,3/5/2026 4:30:00 PM,4.53,-4.83%,335587
191,"FMAO",348.23,3.67%,0.97%,9.32%,5.16%,0.06,,0.72,0.82,,22.49%,17.40%,2/12/2026 4:30:00 PM,25.33,0.72%,54479
192,"LAUR",4520.69,4.50%,13.85%,26.23%,17.68%,0.67,0.67,0.34,0.43,28.33%,25.33%,16.55%,2/19/2026 8:30:00 AM,31.67,-0.78%,1559357
193,"RMBI",142.12,4.41%,0.76%,8.31%,2.91%,0.14,,1.73,1.73,,15.01%,12.73%,,13.60,-0.84%,22447
194,"VLY",6726.22,3.63%,0.94%,7.85%,5.42%,0.09,,0.34,0.44,,21.34%,16.30%,1/29/2026 8:30:00 AM,12.11,-2.89%,7550082
195,"TCBK",1519.12,3.06%,1.25%,9.54%,8.63%,0.04,,0.06,0.06,,30.87%,22.57%,1/22/2026 8:30:00 AM,47.25,-2.05%,194310
196,"NAVI",789.25,7.71%,-0.16%,-3.13%,-0.20%,0.43,0.43,15.41,19.05,92.50%,77.74%,-2.47%,1/28/2026 8:30:00 AM,8.30,-3.04%,858751
197,"PTEN",3404.78,4.25%,-1.53%,-2.80%,-2.09%,1.64,1.46,0.39,0.40,4.76%,-0.52%,-1.94%,2/4/2026 4:30:00 PM,8.97,1.47%,11625834
198,"CIVB",436.09,3.16%,1.09%,9.87%,7.05%,0.06,,0.20,0.52,,21.66%,18.05%,1/29/2026 8:30:00 AM,22.58,-1.18%,62546
199,"COLB",8068.53,5.41%,0.92%,8.47%,6.54%,0.05,,0.07,0.51,,28.99%,17.08%,1/22/2026 4:30:00 PM,27.30,-2.50%,2471203
200,"CRWS",30.60,11.19%,-10.55%,-20.44%,-15.44%,3.43,1.47,0.52,0.68,22.15%,0.81%,-11.10%,2/11/2026 8:30:00 AM,2.86,-1.72%,11111
201,"UPBD",1142.59,7.93%,2.47%,11.06%,2.99%,2.52,0.67,2.52,2.67,32.70%,7.52%,1.56%,2/19/2026 8:30:00 AM,19.66,-4.61%,694137
202,"CALM",4281.24,3.86%,40.93%,48.69%,42.84%,8.02,6.46,0.00,0.00,41.92%,34.40%,27.37%,1/7/2026 8:30:00 AM,89.84,0.55%,790935
203,"FULT",3636.21,3.74%,1.22%,11.71%,9.01%,0.07,,0.21,0.42,,25.72%,20.15%,1/21/2026 4:30:00 PM,20.20,-2.32%,2233210
204,"OFS",52.52,17.35%,-8.54%,-22.40%,-10.33%,0.16,0.16,1.60,1.77,68.16%,-56.24%,-115.98%,3/2/2026 4:30:00 PM,3.92,-1.01%,62348
205,"CZFS",295.59,3.27%,1.20%,11.47%,5.65%,0.10,,0.92,0.92,,26.03%,21.11%,1/29/2026 4:30:00 PM,61.50,1.38%,17967
206,"ZION",8243.32,3.27%,1.00%,13.35%,9.97%,0.36,,0.23,0.67,,23.77%,17.88%,1/20/2026 4:30:00 PM,55.74,-3.03%,1621762
207,"UNB",107.41,6.14%,0.70%,15.04%,2.89%,0.09,,3.74,3.74,,11.33%,13.09%,1/21/2026 4:30:00 PM,23.44,-2.58%,10682
208,"RWAY",284.74,16.75%,5.39%,11.02%,5.88%,0.54,0.54,0.91,0.91,78.67%,69.83%,38.84%,3/12/2026 4:30:00 PM,7.88,-1.13%,373939
209,"IPAR",3032.69,3.38%,11.22%,20.72%,16.54%,2.99,1.97,0.16,0.24,64.90%,18.16%,11.31%,2/24/2026 4:30:00 PM,94.58,-1.36%,205015
210,"AUDC",216.07,4.96%,2.72%,4.93%,4.42%,2.21,1.94,0.18,0.22,64.98%,5.72%,3.65%,2/3/2026 8:30:00 AM,8.06,0.88%,81179
211,"IMOS",1294.65,4.85%,1.13%,2.09%,1.45%,2.40,2.08,0.44,0.68,10.86%,3.81%,2.08%,2/24/2026 8:30:00 AM,36.99,-4.20%,25960
212,"SBLK",2693.63,10.22%,2.13%,3.41%,2.56%,1.78,1.55,0.34,0.44,22.48%,13.49%,8.07%,2/25/2026 4:30:00 PM,23.66,-3.90%,2805314
213,"FDUS",683.56,11.15%,6.36%,11.79%,5.95%,5.57,5.57,0.87,0.87,72.61%,76.11%,51.75%,2/26/2026 4:30:00 PM,18.01,-2.07%,219651
214,"EHLD",20.48,5.78%,,,38.31%,1.68,1.54,0.92,0.99,51.04%,33.37%,111.20%,2/24/2026 4:30:00 PM,7.27,0.44%,4788
215,"PAX",1908.82,5.43%,6.35%,15.57%,10.79%,0.98,0.63,0.28,0.28,95.99%,34.26%,22.18%,2/3/2026 8:30:00 AM,11.97,-2.92%,1063217
216,"OMAB",4662.50,5.82%,18.39%,49.49%,21.63%,1.32,1.14,1.06,1.21,61.41%,55.95%,33.43%,2/23/2026 4:30:00 PM,110.88,-2.38%,111549
217,"WASH",633.08,6.74%,0.77%,10.02%,6.25%,0.03,,0.54,1.26,,17.34%,13.55%,1/28/2026 4:30:00 PM,33.25,-1.31%,232313
218,"CHRD",6898.41,4.32%,0.33%,0.53%,0.46%,1.06,0.98,0.18,0.19,17.52%,15.12%,0.91%,2/25/2026 4:30:00 PM,121.36,1.74%,1936705
219,"MNRO",551.76,6.09%,-0.77%,-2.00%,-1.37%,0.45,0.15,0.68,0.80,34.77%,2.99%,-1.18%,1/28/2026 8:30:00 AM,18.38,-1.97%,748994
220,"NEWT",348.96,6.42%,2.51%,17.44%,2.20%,3.26,2.78,5.64,5.64,75.50%,42.46%,18.06%,1/29/2026 4:30:00 PM,12.08,-2.82%,203185
221,"STBA",1488.63,3.54%,1.37%,9.44%,8.63%,0.03,,0.06,0.21,,29.56%,23.62%,1/22/2026 8:30:00 AM,40.73,-1.90%,220090
222,"CLAR",114.83,3.34%,-17.14%,-21.68%,-22.64%,4.23,2.18,0.05,0.06,28.64%,-8.18%,-18.47%,3/5/2026 4:30:00 PM,2.99,-3.55%,549816
223,"FMNB",743.08,5.43%,1.05%,12.24%,9.42%,0.02,,0.19,0.77,,24.67%,19.49%,1/28/2026 8:30:00 AM,12.53,-2.41%,497547
224,"SGC",160.35,5.48%,1.65%,3.57%,2.43%,2.66,1.76,0.49,0.55,37.60%,2.36%,1.24%,3/3/2026 4:30:00 PM,10.21,-3.13%,51190
225,"OPBK",195.45,3.66%,1.02%,11.79%,7.54%,0.08,,0.49,0.49,,21.21%,15.33%,1/22/2026 4:30:00 PM,13.13,-1.20%,54825
226,"SFNC",2816.23,4.48%,-1.54%,-11.44%,-10.48%,0.09,,0.11,0.20,,-84.10%,-63.36%,1/20/2026 4:30:00 PM,19.44,-2.95%,1245383
227,"WEN",1412.47,7.80%,3.05%,87.63%,3.97%,1.76,1.74,34.40,35.31,26.87%,15.27%,7.58%,2/13/2026 8:30:00 AM,7.42,2.34%,7771505
228,"TRMD",2861.56,11.35%,8.35%,13.34%,9.78%,1.33,1.16,0.32,0.46,33.66%,25.17%,21.30%,2/26/2026 8:30:00 AM,28.24,-2.59%,1336815
229,"SBGI",1117.26,6.41%,-1.77%,-21.83%,-2.28%,2.42,2.42,10.09,10.20,36.13%,4.86%,-3.53%,2/25/2026 4:30:00 PM,15.60,0.58%,492024
230,"MCHB",3423.76,9.39%,1.12%,10.47%,5.43%,0.07,,0.10,0.10,,22.09%,22.63%,1/30/2026 8:30:00 AM,14.80,-0.87%,543446
231,"TIGO",11572.53,5.02%,8.49%,36.21%,10.54%,0.88,0.85,2.43,2.60,55.45%,25.21%,22.62%,2/26/2026 8:30:00 AM,69.28,-2.49%,1288974
232,"CURI",193.56,9.58%,-6.72%,-9.97%,-10.74%,1.62,1.62,0.08,0.08,54.50%,-11.73%,-8.19%,3/11/2026 4:30:00 PM,3.32,-1.48%,308808
233,"JFIN",165.60,12.74%,25.48%,46.87%,38.85%,1.71,1.71,0.01,0.01,80.87%,31.89%,26.21%,11/25/2025 8:30:00 AM,6.28,0.64%,32095
234,"JACK",275.83,3.04%,-4.17%,,-4.54%,0.66,0.65,,,24.70%,14.59%,-5.16%,2/18/2026 4:30:00 PM,14.49,-3.98%,810858
235,"TASK",987.36,10.90%,10.21%,18.65%,11.94%,3.12,3.12,0.43,0.50,32.70%,12.04%,8.64%,2/25/2026 4:30:00 PM,10.92,-4.17%,973947
236,"AMSF",645.98,4.45%,4.53%,18.53%,18.70%,0.63,,0.00,0.00,,18.54%,14.86%,2/25/2026 4:30:00 PM,34.37,-0.92%,149544
237,"EXPI",1050.69,3.08%,-5.45%,-10.15%,-9.36%,1.53,1.53,0.00,0.01,6.99%,-0.45%,-0.48%,2/24/2026 4:30:00 PM,6.49,-4.28%,1032828
238,"MERC",112.53,8.93%,-23.13%,-200.02%,-29.69%,3.05,1.79,23.64,23.89,-3.62%,-9.75%,-26.65%,2/12/2026 4:30:00 PM,1.68,-6.67%,477429
239,"NWL",1777.41,6.70%,-2.62%,-11.09%,-3.87%,1.07,0.57,2.08,2.18,33.81%,6.73%,-3.96%,2/6/2026 8:30:00 AM,4.24,-1.40%,4660032
240,"EPSN",170.39,4.35%,4.74%,5.92%,5.85%,1.93,1.93,0.00,0.00,47.56%,32.42%,12.86%,11/5/2025 4:30:00 PM,5.70,1.42%,277730
241,"BSRR",445.57,3.08%,1.13%,11.72%,9.40%,0.07,,0.23,1.42,,27.92%,20.95%,2/2/2026 8:30:00 AM,33.79,-2.26%,47620
242,"WHF",172.46,13.68%,2.22%,5.25%,2.46%,1.18,1.56,1.25,1.25,52.31%,100.89%,37.84%,3/2/2026 8:30:00 AM,7.42,1.92%,240479
243,"TCPC",322.14,17.87%,-4.98%,-12.86%,-6.80%,0.32,0.32,1.19,1.73,122.06%,29.02%,116.48%,2/27/2026 8:30:00 AM,3.82,-3.78%,2342146
244,"CG",17661.27,3.02%,3.10%,14.23%,4.22%,1.62,1.62,2.33,2.41,70.06%,24.52%,16.91%,2/6/2026 8:30:00 AM,48.90,-5.36%,4305921
245,"TKLF",12.02,4.22%,4.40%,16.79%,12.37%,1.35,1.31,0.25,1.66,11.38%,2.25%,3.16%,,2.84,-1.02%,470
246,"APA",11544.26,3.10%,7.47%,25.22%,13.54%,0.82,0.69,0.74,0.79,37.32%,30.83%,16.08%,2/25/2026 4:30:00 PM,32.68,0.93%,10537669
247,"DSWL",52.90,6.02%,10.03%,12.06%,11.54%,5.28,4.77,0.00,0.00,22.18%,4.96%,18.99%,11/13/2025 8:30:00 AM,3.32,-1.48%,13514
248,"JAKK",232.55,6.15%,2.23%,4.03%,3.42%,1.82,1.41,0.16,0.21,32.34%,2.49%,1.73%,2/19/2026 4:30:00 PM,20.32,-1.98%,72302
249,"HIMX",1290.56,3.78%,2.62%,4.95%,4.82%,1.58,1.39,0.03,0.67,30.57%,5.33%,5.31%,2/12/2026 8:30:00 AM,7.40,-3.65%,1157555
250,"PZZA",1007.29,6.24%,3.14%,,6.53%,0.82,0.70,,,16.23%,4.53%,1.44%,2/26/2026 8:30:00 AM,30.70,-1.00%,599562
251,"KSPI",14099.48,5.19%,10.82%,52.41%,36.53%,3.49,,0.14,0.14,,32.95%,26.37%,3/2/2026 8:30:00 AM,74.20,-0.59%,821620
252,"LCUT",71.59,5.32%,-5.79%,-17.84%,-8.60%,2.71,1.11,1.28,1.39,36.88%,2.97%,-5.49%,3/12/2026 8:30:00 AM,3.16,-0.32%,18347
253,"XP",9822.20,5.67%,1.44%,24.57%,18.86%,0.26,0.28,0.14,3.62,68.99%,32.39%,27.77%,2/12/2026 4:30:00 PM,18.64,-5.43%,7054658
254,"NHTC",27.36,21.94%,-1.88%,-3.13%,-3.59%,2.50,2.35,0.05,0.09,73.27%,-4.55%,-2.22%,2/4/2026 8:30:00 AM,3.19,3.91%,19598
255,"QFIN",1636.28,9.16%,12.45%,28.65%,22.88%,1.08,1.08,0.22,0.29,82.01%,38.64%,35.13%,3/17/2026 4:30:00 PM,14.72,0.00%,1078486
256,"LX",352.69,9.97%,7.85%,16.09%,14.14%,1.80,1.80,0.08,0.40,73.12%,18.21%,13.25%,11/24/2025 8:30:00 AM,2.66,-1.12%,1095877
257,"BMRC",394.16,4.08%,-0.94%,-8.60%,-7.69%,0.08,,0.18,0.18,,-69.26%,-47.08%,1/26/2026 8:30:00 AM,24.49,-1.21%,154726
258,"VSNT",5277.12,3.59%,7.62%,8.81%,8.24%,4.02,4.02,0.10,0.10,40.98%,21.14%,13.89%,3/3/2026 8:30:00 AM,36.70,-0.19%,2680468
259,"RAND",34.90,9.62%,-12.80%,-13.68%,-15.41%,7.59,7.59,0.00,0.00,107.23%,-174.20%,-179.71%,3/5/2026 8:30:00 AM,11.75,-2.81%,6546
260,"OSPN",408.01,3.31%,19.80%,30.10%,26.23%,1.50,1.41,0.02,0.03,71.17%,20.59%,29.98%,2/26/2026 4:30:00 PM,10.89,-0.73%,705527
261,"MGIC",853.36,4.45%,7.34%,14.36%,11.98%,1.48,1.48,0.21,0.35,28.04%,10.86%,6.61%,11/18/2025 8:30:00 AM,17.38,0.00%,0
262,"GWRS",234.37,3.68%,0.65%,4.41%,1.34%,0.76,0.76,1.54,1.60,44.86%,12.83%,5.30%,3/4/2026 4:30:00 PM,8.15,4.09%,178382
263,"SHIP",280.39,5.71%,3.61%,7.65%,3.64%,0.39,0.37,1.03,1.03,39.62%,26.00%,13.15%,2/17/2026 8:30:00 AM,13.28,-7.13%,636555
264,"CRCT",861.39,4.94%,11.85%,18.93%,21.82%,2.26,1.80,0.02,0.03,55.08%,13.55%,10.82%,3/3/2026 4:30:00 PM,4.05,-2.17%,765243
265,"OPRA",1370.75,5.23%,9.86%,11.11%,10.68%,2.35,2.31,0.00,0.01,43.13%,15.02%,17.59%,2/26/2026 8:30:00 AM,15.29,-1.74%,382676
266,"GGAL",5530.55,3.29%,0.58%,3.27%,2.96%,4.02,,0.34,0.34,,15.30%,1.85%,11/25/2025,41.74,-3.36%,1631915
267,"GECC",79.79,21.05%,-9.31%,-25.53%,-10.52%,1.07,1.07,1.68,1.68,76.43%,-28.79%,-71.47%,3/2/2026 4:30:00 PM,5.70,-2.90%,75531
268,"TPG",16546.35,5.77%,1.08%,13.14%,3.69%,1.47,1.47,1.96,2.04,96.91%,14.73%,2.77%,2/5/2026 8:30:00 AM,43.07,-4.20%,3702142
269,"STRA",1874.35,3.06%,6.19%,7.65%,7.28%,1.25,1.25,0.06,0.07,49.98%,15.47%,9.98%,2/26/2026 4:30:00 PM,82.46,-2.02%,289597
270,"MKTW",237.88,5.31%,2.43%,,,0.31,0.31,,,86.28%,22.07%,1.70%,3/6/2026 8:30:00 AM,14.84,1.37%,32282
271,"MFIC",958.98,11.92%,1.94%,4.66%,1.99%,0.89,0.89,1.43,1.53,83.40%,71.64%,23.02%,2/26/2026 4:30:00 PM,10.40,-1.42%,1225874
272,"CNXC",2157.66,4.10%,-11.28%,-37.82%,-16.12%,1.40,1.40,1.90,2.02,28.33%,7.33%,-13.06%,1/13/2026 8:30:00 AM,35.16,1.91%,801739
273,"VINP",702.01,6.95%,6.01%,11.71%,7.27%,5.13,6.95,0.51,0.57,,38.66%,22.57%,3/4/2026 4:30:00 PM,11.10,-3.81%,67067
274,"HERZ",25.72,57.54%,-3.00%,-3.21%,-3.46%,6.65,6.65,0.00,0.00,95.23%,-8.76%,-8.76%,,15.98,1.85%,7566
275,"ESEA",453.75,4.63%,21.21%,33.15%,20.72%,4.89,4.82,0.43,0.47,63.52%,57.03%,60.11%,2/25/2026 8:30:00 AM,64.76,-4.79%,112815
276,"LFVN",62.43,3.69%,12.12%,25.00%,18.81%,2.03,1.03,0.27,0.32,78.75%,4.26%,3.74%,2/4/2026 4:30:00 PM,4.88,3.83%,124331
277,"NCMI",330.66,5.63%,-1.98%,-2.67%,-2.65%,2.22,2.22,0.06,0.06,30.37%,-5.71%,-4.32%,2/26/2026 4:30:00 PM,3.55,1.43%,418071
278,"BGMS",4.65,3789.47%,-102.39%,-226.28%,-98.18%,6.43,5.07,0.00,0.00,18.52%,-11322.22%,-8607.41%,11/13/2025 4:30:00 PM,0.95,-1.05%,18833
279,"HOFT",144.63,6.00%,-7.52%,-11.27%,-15.42%,2.67,1.35,0.15,0.18,22.47%,-3.06%,-8.75%,12/11/2025 8:30:00 AM,13.42,-1.76%,27320
280,"XRAY",2544.81,5.02%,-10.70%,-36.45%,-17.35%,1.51,1.03,1.57,1.84,50.00%,6.88%,-16.25%,2/26/2026 4:30:00 PM,12.74,-4.43%,5043373
281,"AUGO",6732.89,3.03%,-5.90%,-32.47%,-13.59%,0.97,0.75,1.20,1.64,55.13%,51.18%,-8.61%,2/26/2026 4:30:00 PM,80.60,-1.41%,455742
282,"NRC",330.57,3.56%,8.09%,49.79%,12.56%,0.55,0.55,5.42,5.70,56.33%,16.45%,8.20%,2/3/2026 8:30:00 AM,14.59,3.92%,150758
283,"STEP",5440.92,3.25%,-11.40%,-750.11%,,0.18,0.18,,,73.47%,-47.77%,-30.59%,2/5/2026 4:30:00 PM,45.66,-4.12%,897883
284,"CBRL",658.02,3.40%,-0.19%,-0.90%,-0.28%,0.49,0.18,2.35,2.70,5.94%,0.22%,-0.12%,3/4/2026 4:30:00 PM,29.44,-5.25%,1596369
285,"BLMN",512.22,7.49%,0.27%,3.74%,0.38%,0.29,0.22,5.52,6.06,8.82%,2.93%,0.21%,2/25/2026 8:30:00 AM,6.01,-5.80%,2836290
286,"USEA",18.35,7.00%,-2.63%,-7.09%,-4.23%,0.62,0.61,0.75,1.16,16.67%,3.36%,-10.12%,11/11/2025 8:30:00 AM,2.00,-3.85%,121885
287,"MKZR",7.18,13.70%,-9.27%,-36.62%,-11.94%,1.10,1.10,2.80,2.81,-28.30%,-49.67%,-130.33%,,3.65,1.77%,16245
288,"TOUR",84.56,4.74%,1.77%,2.94%,2.94%,2.04,1.80,0.00,0.00,58.14%,1.80%,5.39%,3/5/2026 8:30:00 AM,0.76,2.65%,152759
289,"AFCG",61.65,11.45%,-6.10%,-10.97%,-7.71%,15.03,15.03,0.55,0.55,90.65%,-43.59%,-67.18%,3/4/2026 8:30:00 AM,2.62,1.95%,228895
290,"XRX",223.76,43.10%,-11.32%,-105.65%,-22.31%,1.12,0.80,6.10,6.45,25.52%,-0.95%,-14.85%,1/29/2026 8:30:00 AM,1.74,-7.45%,3306516
291,"OFLX",301.92,4.55%,15.57%,19.37%,16.78%,5.61,4.62,0.05,0.06,56.74%,19.04%,15.08%,10/29/2025 4:30:00 PM,29.91,-2.61%,46598
292,"DOYU",149.69,101.82%,-4.41%,-6.03%,-9.55%,2.26,2.26,0.00,0.00,10.93%,-3.20%,-4.81%,11/20/2025 8:30:00 AM,4.96,-1.98%,24189
293,"BRLT",135.15,18.52%,-0.87%,-15.11%,-8.37%,1.61,1.02,2.53,3.09,55.92%,14.66%,-0.83%,3/5/2026 8:30:00 AM,1.35,-7.53%,303833
294,"HRZN",194.54,19.81%,-0.33%,-0.81%,-0.38%,1.35,1.35,1.19,1.49,67.58%,80.58%,-6.51%,02/25/2026,4.20,-9.29%,3236282
295,"ATNI",368.92,4.55%,-0.88%,-3.19%,-1.76%,1.26,1.21,1.48,1.56,37.32%,5.99%,-2.67%,3/4/2026 4:30:00 PM,24.18,-3.51%,123004
296,"FTEL",2.41,46.78%,-5.97%,-7.50%,-7.42%,4.44,3.03,0.00,0.03,10.25%,-31.56%,-13.13%,,1.71,21.28%,47153
297,"MRCC",91.87,21.93%,-1.19%,-2.86%,-1.43%,8.05,8.05,1.15,1.15,60.84%,51.72%,-24.15%,3/5/2026 4:30:00 PM,4.24,-5.78%,306346
298,"MARPS",10.65,6.20%,77.71%,77.71%,72.89%,,,0.00,0.00,,68.95%,68.95%,,5.32,-5.75%,288566
299,"ICON",,26.52%,,,,,,,,,,,,1.32,-7.04%,199530
